motif	canonical	is_reverse_complement	k
A	A	0	1
C	C	0	1
G	C	1	1
T	A	1	1
AC	AC	0	2
AG	AG	0	2
AT	AT	0	2
CA	AC	0	2
CG	CG	0	2
CT	AG	1	2
GA	AG	0	2
GC	CG	0	2
GT	AC	1	2
TA	AT	0	2
TC	AG	1	2
TG	AC	1	2
AAC	AAC	0	3
AAG	AAG	0	3
AAT	AAT	0	3
ACA	AAC	0	3
ACC	ACC	0	3
ACG	ACG	0	3
ACT	ACT	0	3
AGA	AAG	0	3
AGC	AGC	0	3
AGG	AGG	0	3
AGT	ACT	1	3
ATA	AAT	0	3
ATC	ATC	0	3
ATG	ATC	1	3
ATT	AAT	1	3
CAA	AAC	0	3
CAC	ACC	0	3
CAG	AGC	0	3
CAT	ATC	0	3
CCA	ACC	0	3
CCG	CCG	0	3
CCT	AGG	1	3
CGA	ACG	0	3
CGC	CCG	0	3
CGG	CCG	1	3
CGT	ACG	1	3
CTA	ACT	0	3
CTC	AGG	1	3
CTG	AGC	1	3
CTT	AAG	1	3
GAA	AAG	0	3
GAC	ACG	0	3
GAG	AGG	0	3
GAT	ATC	1	3
GCA	AGC	0	3
GCC	CCG	0	3
GCG	CCG	1	3
GCT	AGC	1	3
GGA	AGG	0	3
GGC	CCG	1	3
GGT	ACC	1	3
GTA	ACT	1	3
GTC	ACG	1	3
GTG	ACC	1	3
GTT	AAC	1	3
TAA	AAT	0	3
TAC	ACT	0	3
TAG	ACT	1	3
TAT	AAT	1	3
TCA	ATC	0	3
TCC	AGG	1	3
TCG	ACG	1	3
TCT	AAG	1	3
TGA	ATC	1	3
TGC	AGC	1	3
TGG	ACC	1	3
TGT	AAC	1	3
TTA	AAT	1	3
TTC	AAG	1	3
TTG	AAC	1	3
AAAC	AAAC	0	4
AAAG	AAAG	0	4
AAAT	AAAT	0	4
AACA	AAAC	0	4
AACC	AACC	0	4
AACG	AACG	0	4
AACT	AACT	0	4
AAGA	AAAG	0	4
AAGC	AAGC	0	4
AAGG	AAGG	0	4
AAGT	AAGT	0	4
AATA	AAAT	0	4
AATC	AATC	0	4
AATG	AATG	0	4
AATT	AATT	0	4
ACAA	AAAC	0	4
ACAG	ACAG	0	4
ACAT	ACAT	0	4
ACCA	AACC	0	4
ACCC	ACCC	0	4
ACCG	ACCG	0	4
ACCT	ACCT	0	4
ACGA	AACG	0	4
ACGC	ACGC	0	4
ACGG	ACGG	0	4
ACGT	ACGT	0	4
ACTA	AACT	0	4
ACTC	ACTC	0	4
ACTG	ACTG	0	4
ACTT	AAGT	1	4
AGAA	AAAG	0	4
AGAC	ACAG	0	4
AGAT	AGAT	0	4
AGCA	AAGC	0	4
AGCC	AGCC	0	4
AGCG	AGCG	0	4
AGCT	AGCT	0	4
AGGA	AAGG	0	4
AGGC	AGGC	0	4
AGGG	AGGG	0	4
AGGT	ACCT	1	4
AGTA	AAGT	0	4
AGTC	ACTG	1	4
AGTG	ACTC	1	4
AGTT	AACT	1	4
ATAA	AAAT	0	4
ATAC	ACAT	0	4
ATAG	AGAT	0	4
ATCA	AATC	0	4
ATCC	ATCC	0	4
ATCG	ATCG	0	4
ATCT	AGAT	1	4
ATGA	AATG	0	4
ATGC	ATGC	0	4
ATGG	ATCC	1	4
ATGT	ACAT	1	4
ATTA	AATT	0	4
ATTC	AATG	1	4
ATTG	AATC	1	4
ATTT	AAAT	1	4
CAAA	AAAC	0	4
CAAC	AACC	0	4
CAAG	AAGC	0	4
CAAT	AATC	0	4
CACC	ACCC	0	4
CACG	ACGC	0	4
CACT	ACTC	0	4
CAGA	ACAG	0	4
CAGC	AGCC	0	4
CAGG	AGGC	0	4
CAGT	ACTG	1	4
CATA	ACAT	0	4
CATC	ATCC	0	4
CATG	ATGC	0	4
CATT	AATG	1	4
CCAA	AACC	0	4
CCAC	ACCC	0	4
CCAG	AGCC	0	4
CCAT	ATCC	0	4
CCCA	ACCC	0	4
CCCG	CCCG	0	4
CCCT	AGGG	1	4
CCGA	ACCG	0	4
CCGC	CCCG	0	4
CCGG	CCGG	0	4
CCGT	ACGG	1	4
CCTA	ACCT	0	4
CCTC	AGGG	1	4
CCTG	AGGC	1	4
CCTT	AAGG	1	4
CGAA	AACG	0	4
CGAC	ACCG	0	4
CGAG	AGCG	0	4
CGAT	ATCG	0	4
CGCA	ACGC	0	4
CGCC	CCCG	0	4
CGCT	AGCG	1	4
CGGA	ACGG	0	4
CGGC	CCGG	0	4
CGGG	CCCG	1	4
CGGT	ACCG	1	4
CGTA	ACGT	0	4
CGTC	ACGG	1	4
CGTG	ACGC	1	4
CGTT	AACG	1	4
CTAA	AACT	0	4
CTAC	ACCT	0	4
CTAG	AGCT	0	4
CTAT	AGAT	1	4
CTCA	ACTC	0	4
CTCC	AGGG	1	4
CTCG	AGCG	1	4
CTGA	ACTG	0	4
CTGC	AGGC	1	4
CTGG	AGCC	1	4
CTGT	ACAG	1	4
CTTA	AAGT	1	4
CTTC	AAGG	1	4
CTTG	AAGC	1	4
CTTT	AAAG	1	4
GAAA	AAAG	0	4
GAAC	AACG	0	4
GAAG	AAGG	0	4
GAAT	AATG	0	4
GACA	ACAG	0	4
GACC	ACCG	0	4
GACG	ACGG	0	4
GACT	ACTG	0	4
GAGC	AGCG	0	4
GAGG	AGGG	0	4
GAGT	ACTC	1	4
GATA	AGAT	0	4
GATC	ATCG	0	4
GATG	ATCC	1	4
GATT	AATC	1	4
GCAA	AAGC	0	4
GCAC	ACGC	0	4
GCAG	AGGC	0	4
GCAT	ATGC	0	4
GCCA	AGCC	0	4
GCCC	CCCG	0	4
GCCG	CCGG	0	4
GCCT	AGGC	1	4
GCGA	AGCG	0	4
GCGG	CCCG	1	4
GCGT	ACGC	1	4
GCTA	AGCT	0	4
GCTC	AGCG	1	4
GCTG	AGCC	1	4
GCTT	AAGC	1	4
GGAA	AAGG	0	4
GGAC	ACGG	0	4
GGAG	AGGG	0	4
GGAT	ATCC	1	4
GGCA	AGGC	0	4
GGCC	CCGG	0	4
GGCG	CCCG	1	4
GGCT	AGCC	1	4
GGGA	AGGG	0	4
GGGC	CCCG	1	4
GGGT	ACCC	1	4
GGTA	ACCT	1	4
GGTC	ACCG	1	4
GGTG	ACCC	1	4
GGTT	AACC	1	4
GTAA	AAGT	0	4
GTAC	ACGT	0	4
GTAG	ACCT	1	4
GTAT	ACAT	1	4
GTCA	ACTG	1	4
GTCC	ACGG	1	4
GTCG	ACCG	1	4
GTCT	ACAG	1	4
GTGA	ACTC	1	4
GTGC	ACGC	1	4
GTGG	ACCC	1	4
GTTA	AACT	1	4
GTTC	AACG	1	4
GTTG	AACC	1	4
GTTT	AAAC	1	4
TAAA	AAAT	0	4
TAAC	AACT	0	4
TAAG	AAGT	0	4
TAAT	AATT	0	4
TACA	ACAT	0	4
TACC	ACCT	0	4
TACG	ACGT	0	4
TACT	AAGT	1	4
TAGA	AGAT	0	4
TAGC	AGCT	0	4
TAGG	ACCT	1	4
TAGT	AACT	1	4
TATC	AGAT	1	4
TATG	ACAT	1	4
TATT	AAAT	1	4
TCAA	AATC	0	4
TCAC	ACTC	0	4
TCAG	ACTG	1	4
TCAT	AATG	1	4
TCCA	ATCC	0	4
TCCC	AGGG	1	4
TCCG	ACGG	1	4
TCCT	AAGG	1	4
TCGA	ATCG	0	4
TCGC	AGCG	1	4
TCGG	ACCG	1	4
TCGT	AACG	1	4
TCTA	AGAT	1	4
TCTG	ACAG	1	4
TCTT	AAAG	1	4
TGAA	AATG	0	4
TGAC	ACTG	0	4
TGAG	ACTC	1	4
TGAT	AATC	1	4
TGCA	ATGC	0	4
TGCC	AGGC	1	4
TGCG	ACGC	1	4
TGCT	AAGC	1	4
TGGA	ATCC	1	4
TGGC	AGCC	1	4
TGGG	ACCC	1	4
TGGT	AACC	1	4
TGTA	ACAT	1	4
TGTC	ACAG	1	4
TGTT	AAAC	1	4
TTAA	AATT	0	4
TTAC	AAGT	1	4
TTAG	AACT	1	4
TTAT	AAAT	1	4
TTCA	AATG	1	4
TTCC	AAGG	1	4
TTCG	AACG	1	4
TTCT	AAAG	1	4
TTGA	AATC	1	4
TTGC	AAGC	1	4
TTGG	AACC	1	4
TTGT	AAAC	1	4
TTTA	AAAT	1	4
TTTC	AAAG	1	4
TTTG	AAAC	1	4
AAAAC	AAAAC	0	5
AAAAG	AAAAG	0	5
AAAAT	AAAAT	0	5
AAACA	AAAAC	0	5
AAACC	AAACC	0	5
AAACG	AAACG	0	5
AAACT	AAACT	0	5
AAAGA	AAAAG	0	5
AAAGC	AAAGC	0	5
AAAGG	AAAGG	0	5
AAAGT	AAAGT	0	5
AAATA	AAAAT	0	5
AAATC	AAATC	0	5
AAATG	AAATG	0	5
AAATT	AAATT	0	5
AACAA	AAAAC	0	5
AACAC	AACAC	0	5
AACAG	AACAG	0	5
AACAT	AACAT	0	5
AACCA	AAACC	0	5
AACCC	AACCC	0	5
AACCG	AACCG	0	5
AACCT	AACCT	0	5
AACGA	AAACG	0	5
AACGC	AACGC	0	5
AACGG	AACGG	0	5
AACGT	AACGT	0	5
AACTA	AAACT	0	5
AACTC	AACTC	0	5
AACTG	AACTG	0	5
AACTT	AACTT	0	5
AAGAA	AAAAG	0	5
AAGAC	AAGAC	0	5
AAGAG	AAGAG	0	5
AAGAT	AAGAT	0	5
AAGCA	AAAGC	0	5
AAGCC	AAGCC	0	5
AAGCG	AAGCG	0	5
AAGCT	AAGCT	0	5
AAGGA	AAAGG	0	5
AAGGC	AAGGC	0	5
AAGGG	AAGGG	0	5
AAGGT	AAGGT	0	5
AAGTA	AAAGT	0	5
AAGTC	AAGTC	0	5
AAGTG	AAGTG	0	5
AAGTT	AACTT	1	5
AATAA	AAAAT	0	5
AATAC	AATAC	0	5
AATAG	AATAG	0	5
AATAT	AATAT	0	5
AATCA	AAATC	0	5
AATCC	AATCC	0	5
AATCG	AATCG	0	5
AATCT	AATCT	0	5
AATGA	AAATG	0	5
AATGC	AATGC	0	5
AATGG	AATGG	0	5
AATGT	AATGT	0	5
AATTA	AAATT	0	5
AATTC	AATTC	0	5
AATTG	AATTC	1	5
AATTT	AAATT	1	5
ACAAA	AAAAC	0	5
ACAAC	AACAC	0	5
ACAAG	AAGAC	0	5
ACAAT	AATAC	0	5
ACACA	AACAC	0	5
ACACC	ACACC	0	5
ACACG	ACACG	0	5
ACACT	ACACT	0	5
ACAGA	AACAG	0	5
ACAGC	ACAGC	0	5
ACAGG	ACAGG	0	5
ACAGT	ACAGT	0	5
ACATA	AACAT	0	5
ACATC	ACATC	0	5
ACATG	ACATG	0	5
ACATT	AATGT	1	5
ACCAA	AAACC	0	5
ACCAC	ACACC	0	5
ACCAG	ACCAG	0	5
ACCAT	ACCAT	0	5
ACCCA	AACCC	0	5
ACCCC	ACCCC	0	5
ACCCG	ACCCG	0	5
ACCCT	ACCCT	0	5
ACCGA	AACCG	0	5
ACCGC	ACCGC	0	5
ACCGG	ACCGG	0	5
ACCGT	ACCGT	0	5
ACCTA	AACCT	0	5
ACCTC	ACCTC	0	5
ACCTG	ACCTG	0	5
ACCTT	AAGGT	1	5
ACGAA	AAACG	0	5
ACGAC	ACACG	0	5
ACGAG	ACGAG	0	5
ACGAT	ACGAT	0	5
ACGCA	AACGC	0	5
ACGCC	ACGCC	0	5
ACGCG	ACGCG	0	5
ACGCT	ACGCT	0	5
ACGGA	AACGG	0	5
ACGGC	ACGGC	0	5
ACGGG	ACGGG	0	5
ACGGT	ACCGT	1	5
ACGTA	AACGT	0	5
ACGTC	ACGTC	0	5
ACGTG	ACGTC	1	5
ACGTT	AACGT	1	5
ACTAA	AAACT	0	5
ACTAC	ACACT	0	5
ACTAG	ACTAG	0	5
ACTAT	ACTAT	0	5
ACTCA	AACTC	0	5
ACTCC	ACTCC	0	5
ACTCG	ACTCG	0	5
ACTCT	ACTCT	0	5
ACTGA	AACTG	0	5
ACTGC	ACTGC	0	5
ACTGG	ACTGG	0	5
ACTGT	ACAGT	1	5
ACTTA	AACTT	0	5
ACTTC	AAGTG	1	5
ACTTG	AAGTC	1	5
ACTTT	AAAGT	1	5
AGAAA	AAAAG	0	5
AGAAC	AACAG	0	5
AGAAG	AAGAG	0	5
AGAAT	AATAG	0	5
AGACA	AAGAC	0	5
AGACC	ACCAG	0	5
AGACG	ACGAG	0	5
AGACT	ACTAG	0	5
AGAGA	AAGAG	0	5
AGAGC	AGAGC	0	5
AGAGG	AGAGG	0	5
AGAGT	ACTCT	1	5
AGATA	AAGAT	0	5
AGATC	AGATC	0	5
AGATG	AGATG	0	5
AGATT	AATCT	1	5
AGCAA	AAAGC	0	5
AGCAC	ACAGC	0	5
AGCAG	AGAGC	0	5
AGCAT	AGCAT	0	5
AGCCA	AAGCC	0	5
AGCCC	AGCCC	0	5
AGCCG	AGCCG	0	5
AGCCT	AGCCT	0	5
AGCGA	AAGCG	0	5
AGCGC	AGCGC	0	5
AGCGG	AGCGG	0	5
AGCGT	ACGCT	1	5
AGCTA	AAGCT	0	5
AGCTC	AGCTC	0	5
AGCTG	AGCTC	1	5
AGCTT	AAGCT	1	5
AGGAA	AAAGG	0	5
AGGAC	ACAGG	0	5
AGGAG	AGAGG	0	5
AGGAT	AGGAT	0	5
AGGCA	AAGGC	0	5
AGGCC	AGGCC	0	5
AGGCG	AGGCG	0	5
AGGCT	AGCCT	1	5
AGGGA	AAGGG	0	5
AGGGC	AGGGC	0	5
AGGGG	AGGGG	0	5
AGGGT	ACCCT	1	5
AGGTA	AAGGT	0	5
AGGTC	ACCTG	1	5
AGGTG	ACCTC	1	5
AGGTT	AACCT	1	5
AGTAA	AAAGT	0	5
AGTAC	ACAGT	0	5
AGTAG	ACTCT	1	5
AGTAT	ACTAT	1	5
AGTCA	AAGTC	0	5
AGTCC	ACTGG	1	5
AGTCG	ACTCG	1	5
AGTCT	ACTAG	1	5
AGTGA	AAGTG	0	5
AGTGC	ACTGC	1	5
AGTGG	ACTCC	1	5
AGTGT	ACACT	1	5
AGTTA	AACTT	1	5
AGTTC	AACTG	1	5
AGTTG	AACTC	1	5
AGTTT	AAACT	1	5
ATAAA	AAAAT	0	5
ATAAC	AACAT	0	5
ATAAG	AAGAT	0	5
ATAAT	AATAT	0	5
ATACA	AATAC	0	5
ATACC	ACCAT	0	5
ATACG	ACGAT	0	5
ATACT	ACTAT	0	5
ATAGA	AATAG	0	5
ATAGC	AGCAT	0	5
ATAGG	AGGAT	0	5
ATAGT	ACTAT	1	5
ATATA	AATAT	0	5
ATATC	ATATC	0	5
ATATG	ATATC	1	5
ATATT	AATAT	1	5
ATCAA	AAATC	0	5
ATCAC	ACATC	0	5
ATCAG	AGATC	0	5
ATCAT	ATATC	0	5
ATCCA	AATCC	0	5
ATCCC	ATCCC	0	5
ATCCG	ATCCG	0	5
ATCCT	AGGAT	1	5
ATCGA	AATCG	0	5
ATCGC	ATCGC	0	5
ATCGG	ATCCG	1	5
ATCGT	ACGAT	1	5
ATCTA	AATCT	0	5
ATCTC	AGATG	1	5
ATCTG	AGATC	1	5
ATCTT	AAGAT	1	5
ATGAA	AAATG	0	5
ATGAC	ACATG	0	5
ATGAG	AGATG	0	5
ATGAT	ATATC	1	5
ATGCA	AATGC	0	5
ATGCC	ATGCC	0	5
ATGCG	ATCGC	1	5
ATGCT	AGCAT	1	5
ATGGA	AATGG	0	5
ATGGC	ATGCC	1	5
ATGGG	ATCCC	1	5
ATGGT	ACCAT	1	5
ATGTA	AATGT	0	5
ATGTC	ACATG	1	5
ATGTG	ACATC	1	5
ATGTT	AACAT	1	5
ATTAA	AAATT	0	5
ATTAC	AATGT	1	5
ATTAG	AATCT	1	5
ATTAT	AATAT	1	5
ATTCA	AATTC	0	5
ATTCC	AATGG	1	5
ATTCG	AATCG	1	5
ATTCT	AATAG	1	5
ATTGA	AATTC	1	5
ATTGC	AATGC	1	5
ATTGG	AATCC	1	5
ATTGT	AATAC	1	5
ATTTA	AAATT	1	5
ATTTC	AAATG	1	5
ATTTG	AAATC	1	5
ATTTT	AAAAT	1	5
CAAAA	AAAAC	0	5
CAAAC	AAACC	0	5
CAAAG	AAAGC	0	5
CAAAT	AAATC	0	5
CAACA	AACAC	0	5
CAACC	AACCC	0	5
CAACG	AACGC	0	5
CAACT	AACTC	0	5
CAAGA	AAGAC	0	5
CAAGC	AAGCC	0	5
CAAGG	AAGGC	0	5
CAAGT	AAGTC	0	5
CAATA	AATAC	0	5
CAATC	AATCC	0	5
CAATG	AATGC	0	5
CAATT	AATTC	0	5
CACAA	AACAC	0	5
CACAC	ACACC	0	5
CACAG	ACAGC	0	5
CACAT	ACATC	0	5
CACCA	ACACC	0	5
CACCC	ACCCC	0	5
CACCG	ACCGC	0	5
CACCT	ACCTC	0	5
CACGA	ACACG	0	5
CACGC	ACGCC	0	5
CACGG	ACGGC	0	5
CACGT	ACGTC	0	5
CACTA	ACACT	0	5
CACTC	ACTCC	0	5
CACTG	ACTGC	0	5
CACTT	AAGTG	1	5
CAGAA	AACAG	0	5
CAGAC	ACCAG	0	5
CAGAG	AGAGC	0	5
CAGAT	AGATC	0	5
CAGCA	ACAGC	0	5
CAGCC	AGCCC	0	5
CAGCG	AGCGC	0	5
CAGCT	AGCTC	0	5
CAGGA	ACAGG	0	5
CAGGC	AGGCC	0	5
CAGGG	AGGGC	0	5
CAGGT	ACCTG	1	5
CAGTA	ACAGT	0	5
CAGTC	ACTGG	1	5
CAGTG	ACTGC	1	5
CAGTT	AACTG	1	5
CATAA	AACAT	0	5
CATAC	ACCAT	0	5
CATAG	AGCAT	0	5
CATAT	ATATC	0	5
CATCA	ACATC	0	5
CATCC	ATCCC	0	5
CATCG	ATCGC	0	5
CATCT	AGATG	1	5
CATGA	ACATG	0	5
CATGC	ATGCC	0	5
CATGG	ATGCC	1	5
CATGT	ACATG	1	5
CATTA	AATGT	1	5
CATTC	AATGG	1	5
CATTG	AATGC	1	5
CATTT	AAATG	1	5
CCAAA	AAACC	0	5
CCAAC	AACCC	0	5
CCAAG	AAGCC	0	5
CCAAT	AATCC	0	5
CCACA	ACACC	0	5
CCACC	ACCCC	0	5
CCACG	ACGCC	0	5
CCACT	ACTCC	0	5
CCAGA	ACCAG	0	5
CCAGC	AGCCC	0	5
CCAGG	AGGCC	0	5
CCAGT	ACTGG	1	5
CCATA	ACCAT	0	5
CCATC	ATCCC	0	5
CCATG	ATGCC	0	5
CCATT	AATGG	1	5
CCCAA	AACCC	0	5
CCCAC	ACCCC	0	5
CCCAG	AGCCC	0	5
CCCAT	ATCCC	0	5
CCCCA	ACCCC	0	5
CCCCG	CCCCG	0	5
CCCCT	AGGGG	1	5
CCCGA	ACCCG	0	5
CCCGC	CCCCG	0	5
CCCGG	CCCGG	0	5
CCCGT	ACGGG	1	5
CCCTA	ACCCT	0	5
CCCTC	AGGGG	1	5
CCCTG	AGGGC	1	5
CCCTT	AAGGG	1	5
CCGAA	AACCG	0	5
CCGAC	ACCCG	0	5
CCGAG	AGCCG	0	5
CCGAT	ATCCG	0	5
CCGCA	ACCGC	0	5
CCGCC	CCCCG	0	5
CCGCG	CCGCG	0	5
CCGCT	AGCGG	1	5
CCGGA	ACCGG	0	5
CCGGC	CCCGG	0	5
CCGGG	CCCGG	1	5
CCGGT	ACCGG	1	5
CCGTA	ACCGT	0	5
CCGTC	ACGGG	1	5
CCGTG	ACGGC	1	5
CCGTT	AACGG	1	5
CCTAA	AACCT	0	5
CCTAC	ACCCT	0	5
CCTAG	AGCCT	0	5
CCTAT	AGGAT	1	5
CCTCA	ACCTC	0	5
CCTCC	AGGGG	1	5
CCTCG	AGGCG	1	5
CCTCT	AGAGG	1	5
CCTGA	ACCTG	0	5
CCTGC	AGGGC	1	5
CCTGG	AGGCC	1	5
CCTGT	ACAGG	1	5
CCTTA	AAGGT	1	5
CCTTC	AAGGG	1	5
CCTTG	AAGGC	1	5
CCTTT	AAAGG	1	5
CGAAA	AAACG	0	5
CGAAC	AACCG	0	5
CGAAG	AAGCG	0	5
CGAAT	AATCG	0	5
CGACA	ACACG	0	5
CGACC	ACCCG	0	5
CGACG	ACGCG	0	5
CGACT	ACTCG	0	5
CGAGA	ACGAG	0	5
CGAGC	AGCCG	0	5
CGAGG	AGGCG	0	5
CGAGT	ACTCG	1	5
CGATA	ACGAT	0	5
CGATC	ATCCG	0	5
CGATG	ATCGC	1	5
CGATT	AATCG	1	5
CGCAA	AACGC	0	5
CGCAC	ACCGC	0	5
CGCAG	AGCGC	0	5
CGCAT	ATCGC	0	5
CGCCA	ACGCC	0	5
CGCCC	CCCCG	0	5
CGCCG	CCGCG	0	5
CGCCT	AGGCG	1	5
CGCGA	ACGCG	0	5
CGCGC	CCGCG	0	5
CGCGG	CCGCG	1	5
CGCGT	ACGCG	1	5
CGCTA	ACGCT	0	5
CGCTC	AGCGG	1	5
CGCTG	AGCGC	1	5
CGCTT	AAGCG	1	5
CGGAA	AACGG	0	5
CGGAC	ACCGG	0	5
CGGAG	AGCGG	0	5
CGGAT	ATCCG	1	5
CGGCA	ACGGC	0	5
CGGCC	CCCGG	0	5
CGGCG	CCGCG	1	5
CGGCT	AGCCG	1	5
CGGGA	ACGGG	0	5
CGGGC	CCCGG	1	5
CGGGG	CCCCG	1	5
CGGGT	ACCCG	1	5
CGGTA	ACCGT	1	5
CGGTC	ACCGG	1	5
CGGTG	ACCGC	1	5
CGGTT	AACCG	1	5
CGTAA	AACGT	0	5
CGTAC	ACCGT	0	5
CGTAG	ACGCT	1	5
CGTAT	ACGAT	1	5
CGTCA	ACGTC	0	5
CGTCC	ACGGG	1	5
CGTCG	ACGCG	1	5
CGTCT	ACGAG	1	5
CGTGA	ACGTC	1	5
CGTGC	ACGGC	1	5
CGTGG	ACGCC	1	5
CGTGT	ACACG	1	5
CGTTA	AACGT	1	5
CGTTC	AACGG	1	5
CGTTG	AACGC	1	5
CGTTT	AAACG	1	5
CTAAA	AAACT	0	5
CTAAC	AACCT	0	5
CTAAG	AAGCT	0	5
CTAAT	AATCT	0	5
CTACA	ACACT	0	5
CTACC	ACCCT	0	5
CTACG	ACGCT	0	5
CTACT	ACTCT	0	5
CTAGA	ACTAG	0	5
CTAGC	AGCCT	0	5
CTAGG	AGCCT	1	5
CTAGT	ACTAG	1	5
CTATA	ACTAT	0	5
CTATC	AGGAT	1	5
CTATG	AGCAT	1	5
CTATT	AATAG	1	5
CTCAA	AACTC	0	5
CTCAC	ACCTC	0	5
CTCAG	AGCTC	0	5
CTCAT	AGATG	1	5
CTCCA	ACTCC	0	5
CTCCC	AGGGG	1	5
CTCCG	AGCGG	1	5
CTCCT	AGAGG	1	5
CTCGA	ACTCG	0	5
CTCGC	AGGCG	1	5
CTCGG	AGCCG	1	5
CTCGT	ACGAG	1	5
CTCTA	ACTCT	0	5
CTCTC	AGAGG	1	5
CTCTG	AGAGC	1	5
CTCTT	AAGAG	1	5
CTGAA	AACTG	0	5
CTGAC	ACCTG	0	5
CTGAG	AGCTC	1	5
CTGAT	AGATC	1	5
CTGCA	ACTGC	0	5
CTGCC	AGGGC	1	5
CTGCG	AGCGC	1	5
CTGCT	AGAGC	1	5
CTGGA	ACTGG	0	5
CTGGC	AGGCC	1	5
CTGGG	AGCCC	1	5
CTGGT	ACCAG	1	5
CTGTA	ACAGT	1	5
CTGTC	ACAGG	1	5
CTGTG	ACAGC	1	5
CTGTT	AACAG	1	5
CTTAA	AACTT	0	5
CTTAC	AAGGT	1	5
CTTAG	AAGCT	1	5
CTTAT	AAGAT	1	5
CTTCA	AAGTG	1	5
CTTCC	AAGGG	1	5
CTTCG	AAGCG	1	5
CTTCT	AAGAG	1	5
CTTGA	AAGTC	1	5
CTTGC	AAGGC	1	5
CTTGG	AAGCC	1	5
CTTGT	AAGAC	1	5
CTTTA	AAAGT	1	5
CTTTC	AAAGG	1	5
CTTTG	AAAGC	1	5
CTTTT	AAAAG	1	5
GAAAA	AAAAG	0	5
GAAAC	AAACG	0	5
GAAAG	AAAGG	0	5
GAAAT	AAATG	0	5
GAACA	AACAG	0	5
GAACC	AACCG	0	5
GAACG	AACGG	0	5
GAACT	AACTG	0	5
GAAGA	AAGAG	0	5
GAAGC	AAGCG	0	5
GAAGG	AAGGG	0	5
GAAGT	AAGTG	0	5
GAATA	AATAG	0	5
GAATC	AATCG	0	5
GAATG	AATGG	0	5
GAATT	AATTC	1	5
GACAA	AAGAC	0	5
GACAC	ACACG	0	5
GACAG	ACAGG	0	5
GACAT	ACATG	0	5
GACCA	ACCAG	0	5
GACCC	ACCCG	0	5
GACCG	ACCGG	0	5
GACCT	ACCTG	0	5
GACGA	ACGAG	0	5
GACGC	ACGCG	0	5
GACGG	ACGGG	0	5
GACGT	ACGTC	1	5
GACTA	ACTAG	0	5
GACTC	ACTCG	0	5
GACTG	ACTGG	0	5
GACTT	AAGTC	1	5
GAGAA	AAGAG	0	5
GAGAC	ACGAG	0	5
GAGAG	AGAGG	0	5
GAGAT	AGATG	0	5
GAGCA	AGAGC	0	5
GAGCC	AGCCG	0	5
GAGCG	AGCGG	0	5
GAGCT	AGCTC	1	5
GAGGA	AGAGG	0	5
GAGGC	AGGCG	0	5
GAGGG	AGGGG	0	5
GAGGT	ACCTC	1	5
GAGTA	ACTCT	1	5
GAGTC	ACTCG	1	5
GAGTG	ACTCC	1	5
GAGTT	AACTC	1	5
GATAA	AAGAT	0	5
GATAC	ACGAT	0	5
GATAG	AGGAT	0	5
GATAT	ATATC	1	5
GATCA	AGATC	0	5
GATCC	ATCCG	0	5
GATCG	ATCCG	1	5
GATCT	AGATC	1	5
GATGA	AGATG	0	5
GATGC	ATCGC	1	5
GATGG	ATCCC	1	5
GATGT	ACATC	1	5
GATTA	AATCT	1	5
GATTC	AATCG	1	5
GATTG	AATCC	1	5
GATTT	AAATC	1	5
GCAAA	AAAGC	0	5
GCAAC	AACGC	0	5
GCAAG	AAGGC	0	5
GCAAT	AATGC	0	5
GCACA	ACAGC	0	5
GCACC	ACCGC	0	5
GCACG	ACGGC	0	5
GCACT	ACTGC	0	5
GCAGA	AGAGC	0	5
GCAGC	AGCGC	0	5
GCAGG	AGGGC	0	5
GCAGT	ACTGC	1	5
GCATA	AGCAT	0	5
GCATC	ATCGC	0	5
GCATG	ATGCC	1	5
GCATT	AATGC	1	5
GCCAA	AAGCC	0	5
GCCAC	ACGCC	0	5
GCCAG	AGGCC	0	5
GCCAT	ATGCC	0	5
GCCCA	AGCCC	0	5
GCCCC	CCCCG	0	5
GCCCG	CCCGG	0	5
GCCCT	AGGGC	1	5
GCCGA	AGCCG	0	5
GCCGC	CCGCG	0	5
GCCGG	CCCGG	1	5
GCCGT	ACGGC	1	5
GCCTA	AGCCT	0	5
GCCTC	AGGCG	1	5
GCCTG	AGGCC	1	5
GCCTT	AAGGC	1	5
GCGAA	AAGCG	0	5
GCGAC	ACGCG	0	5
GCGAG	AGGCG	0	5
GCGAT	ATCGC	1	5
GCGCA	AGCGC	0	5
GCGCC	CCGCG	0	5
GCGCG	CCGCG	1	5
GCGCT	AGCGC	1	5
GCGGA	AGCGG	0	5
GCGGC	CCGCG	1	5
GCGGG	CCCCG	1	5
GCGGT	ACCGC	1	5
GCGTA	ACGCT	1	5
GCGTC	ACGCG	1	5
GCGTG	ACGCC	1	5
GCGTT	AACGC	1	5
GCTAA	AAGCT	0	5
GCTAC	ACGCT	0	5
GCTAG	AGCCT	1	5
GCTAT	AGCAT	1	5
GCTCA	AGCTC	0	5
GCTCC	AGCGG	1	5
GCTCG	AGCCG	1	5
GCTCT	AGAGC	1	5
GCTGA	AGCTC	1	5
GCTGC	AGCGC	1	5
GCTGG	AGCCC	1	5
GCTGT	ACAGC	1	5
GCTTA	AAGCT	1	5
GCTTC	AAGCG	1	5
GCTTG	AAGCC	1	5
GCTTT	AAAGC	1	5
GGAAA	AAAGG	0	5
GGAAC	AACGG	0	5
GGAAG	AAGGG	0	5
GGAAT	AATGG	0	5
GGACA	ACAGG	0	5
GGACC	ACCGG	0	5
GGACG	ACGGG	0	5
GGACT	ACTGG	0	5
GGAGA	AGAGG	0	5
GGAGC	AGCGG	0	5
GGAGG	AGGGG	0	5
GGAGT	ACTCC	1	5
GGATA	AGGAT	0	5
GGATC	ATCCG	1	5
GGATG	ATCCC	1	5
GGATT	AATCC	1	5
GGCAA	AAGGC	0	5
GGCAC	ACGGC	0	5
GGCAG	AGGGC	0	5
GGCAT	ATGCC	1	5
GGCCA	AGGCC	0	5
GGCCC	CCCGG	0	5
GGCCG	CCCGG	1	5
GGCCT	AGGCC	1	5
GGCGA	AGGCG	0	5
GGCGC	CCGCG	1	5
GGCGG	CCCCG	1	5
GGCGT	ACGCC	1	5
GGCTA	AGCCT	1	5
GGCTC	AGCCG	1	5
GGCTG	AGCCC	1	5
GGCTT	AAGCC	1	5
GGGAA	AAGGG	0	5
GGGAC	ACGGG	0	5
GGGAG	AGGGG	0	5
GGGAT	ATCCC	1	5
GGGCA	AGGGC	0	5
GGGCC	CCCGG	1	5
GGGCG	CCCCG	1	5
GGGCT	AGCCC	1	5
GGGGA	AGGGG	0	5
GGGGC	CCCCG	1	5
GGGGT	ACCCC	1	5
GGGTA	ACCCT	1	5
GGGTC	ACCCG	1	5
GGGTG	ACCCC	1	5
GGGTT	AACCC	1	5
GGTAA	AAGGT	0	5
GGTAC	ACCGT	1	5
GGTAG	ACCCT	1	5
GGTAT	ACCAT	1	5
GGTCA	ACCTG	1	5
GGTCC	ACCGG	1	5
GGTCG	ACCCG	1	5
GGTCT	ACCAG	1	5
GGTGA	ACCTC	1	5
GGTGC	ACCGC	1	5
GGTGG	ACCCC	1	5
GGTGT	ACACC	1	5
GGTTA	AACCT	1	5
GGTTC	AACCG	1	5
GGTTG	AACCC	1	5
GGTTT	AAACC	1	5
GTAAA	AAAGT	0	5
GTAAC	AACGT	0	5
GTAAG	AAGGT	0	5
GTAAT	AATGT	0	5
GTACA	ACAGT	0	5
GTACC	ACCGT	0	5
GTACG	ACCGT	1	5
GTACT	ACAGT	1	5
GTAGA	ACTCT	1	5
GTAGC	ACGCT	1	5
GTAGG	ACCCT	1	5
GTAGT	ACACT	1	5
GTATA	ACTAT	1	5
GTATC	ACGAT	1	5
GTATG	ACCAT	1	5
GTATT	AATAC	1	5
GTCAA	AAGTC	0	5
GTCAC	ACGTC	0	5
GTCAG	ACCTG	1	5
GTCAT	ACATG	1	5
GTCCA	ACTGG	1	5
GTCCC	ACGGG	1	5
GTCCG	ACCGG	1	5
GTCCT	ACAGG	1	5
GTCGA	ACTCG	1	5
GTCGC	ACGCG	1	5
GTCGG	ACCCG	1	5
GTCGT	ACACG	1	5
GTCTA	ACTAG	1	5
GTCTC	ACGAG	1	5
GTCTG	ACCAG	1	5
GTCTT	AAGAC	1	5
GTGAA	AAGTG	0	5
GTGAC	ACGTC	1	5
GTGAG	ACCTC	1	5
GTGAT	ACATC	1	5
GTGCA	ACTGC	1	5
GTGCC	ACGGC	1	5
GTGCG	ACCGC	1	5
GTGCT	ACAGC	1	5
GTGGA	ACTCC	1	5
GTGGC	ACGCC	1	5
GTGGG	ACCCC	1	5
GTGGT	ACACC	1	5
GTGTA	ACACT	1	5
GTGTC	ACACG	1	5
GTGTG	ACACC	1	5
GTGTT	AACAC	1	5
GTTAA	AACTT	1	5
GTTAC	AACGT	1	5
GTTAG	AACCT	1	5
GTTAT	AACAT	1	5
GTTCA	AACTG	1	5
GTTCC	AACGG	1	5
GTTCG	AACCG	1	5
GTTCT	AACAG	1	5
GTTGA	AACTC	1	5
GTTGC	AACGC	1	5
GTTGG	AACCC	1	5
GTTGT	AACAC	1	5
GTTTA	AAACT	1	5
GTTTC	AAACG	1	5
GTTTG	AAACC	1	5
GTTTT	AAAAC	1	5
TAAAA	AAAAT	0	5
TAAAC	AAACT	0	5
TAAAG	AAAGT	0	5
TAAAT	AAATT	0	5
TAACA	AACAT	0	5
TAACC	AACCT	0	5
TAACG	AACGT	0	5
TAACT	AACTT	0	5
TAAGA	AAGAT	0	5
TAAGC	AAGCT	0	5
TAAGG	AAGGT	0	5
TAAGT	AACTT	1	5
TAATA	AATAT	0	5
TAATC	AATCT	0	5
TAATG	AATGT	0	5
TAATT	AAATT	1	5
TACAA	AATAC	0	5
TACAC	ACACT	0	5
TACAG	ACAGT	0	5
TACAT	AATGT	1	5
TACCA	ACCAT	0	5
TACCC	ACCCT	0	5
TACCG	ACCGT	0	5
TACCT	AAGGT	1	5
TACGA	ACGAT	0	5
TACGC	ACGCT	0	5
TACGG	ACCGT	1	5
TACGT	AACGT	1	5
TACTA	ACTAT	0	5
TACTC	ACTCT	0	5
TACTG	ACAGT	1	5
TACTT	AAAGT	1	5
TAGAA	AATAG	0	5
TAGAC	ACTAG	0	5
TAGAG	ACTCT	1	5
TAGAT	AATCT	1	5
TAGCA	AGCAT	0	5
TAGCC	AGCCT	0	5
TAGCG	ACGCT	1	5
TAGCT	AAGCT	1	5
TAGGA	AGGAT	0	5
TAGGC	AGCCT	1	5
TAGGG	ACCCT	1	5
TAGGT	AACCT	1	5
TAGTA	ACTAT	1	5
TAGTC	ACTAG	1	5
TAGTG	ACACT	1	5
TAGTT	AAACT	1	5
TATAA	AATAT	0	5
TATAC	ACTAT	0	5
TATAG	ACTAT	1	5
TATAT	AATAT	1	5
TATCA	ATATC	0	5
TATCC	AGGAT	1	5
TATCG	ACGAT	1	5
TATCT	AAGAT	1	5
TATGA	ATATC	1	5
TATGC	AGCAT	1	5
TATGG	ACCAT	1	5
TATGT	AACAT	1	5
TATTA	AATAT	1	5
TATTC	AATAG	1	5
TATTG	AATAC	1	5
TATTT	AAAAT	1	5
TCAAA	AAATC	0	5
TCAAC	AACTC	0	5
TCAAG	AAGTC	0	5
TCAAT	AATTC	0	5
TCACA	ACATC	0	5
TCACC	ACCTC	0	5
TCACG	ACGTC	0	5
TCACT	AAGTG	1	5
TCAGA	AGATC	0	5
TCAGC	AGCTC	0	5
TCAGG	ACCTG	1	5
TCAGT	AACTG	1	5
TCATA	ATATC	0	5
TCATC	AGATG	1	5
TCATG	ACATG	1	5
TCATT	AAATG	1	5
TCCAA	AATCC	0	5
TCCAC	ACTCC	0	5
TCCAG	ACTGG	1	5
TCCAT	AATGG	1	5
TCCCA	ATCCC	0	5
TCCCC	AGGGG	1	5
TCCCG	ACGGG	1	5
TCCCT	AAGGG	1	5
TCCGA	ATCCG	0	5
TCCGC	AGCGG	1	5
TCCGG	ACCGG	1	5
TCCGT	AACGG	1	5
TCCTA	AGGAT	1	5
TCCTC	AGAGG	1	5
TCCTG	ACAGG	1	5
TCCTT	AAAGG	1	5
TCGAA	AATCG	0	5
TCGAC	ACTCG	0	5
TCGAG	ACTCG	1	5
TCGAT	AATCG	1	5
TCGCA	ATCGC	0	5
TCGCC	AGGCG	1	5
TCGCG	ACGCG	1	5
TCGCT	AAGCG	1	5
TCGGA	ATCCG	1	5
TCGGC	AGCCG	1	5
TCGGG	ACCCG	1	5
TCGGT	AACCG	1	5
TCGTA	ACGAT	1	5
TCGTC	ACGAG	1	5
TCGTG	ACACG	1	5
TCGTT	AAACG	1	5
TCTAA	AATCT	0	5
TCTAC	ACTCT	0	5
TCTAG	ACTAG	1	5
TCTAT	AATAG	1	5
TCTCA	AGATG	1	5
TCTCC	AGAGG	1	5
TCTCG	ACGAG	1	5
TCTCT	AAGAG	1	5
TCTGA	AGATC	1	5
TCTGC	AGAGC	1	5
TCTGG	ACCAG	1	5
TCTGT	AACAG	1	5
TCTTA	AAGAT	1	5
TCTTC	AAGAG	1	5
TCTTG	AAGAC	1	5
TCTTT	AAAAG	1	5
TGAAA	AAATG	0	5
TGAAC	AACTG	0	5
TGAAG	AAGTG	0	5
TGAAT	AATTC	1	5
TGACA	ACATG	0	5
TGACC	ACCTG	0	5
TGACG	ACGTC	1	5
TGACT	AAGTC	1	5
TGAGA	AGATG	0	5
TGAGC	AGCTC	1	5
TGAGG	ACCTC	1	5
TGAGT	AACTC	1	5
TGATA	ATATC	1	5
TGATC	AGATC	1	5
TGATG	ACATC	1	5
TGATT	AAATC	1	5
TGCAA	AATGC	0	5
TGCAC	ACTGC	0	5
TGCAG	ACTGC	1	5
TGCAT	AATGC	1	5
TGCCA	ATGCC	0	5
TGCCC	AGGGC	1	5
TGCCG	ACGGC	1	5
TGCCT	AAGGC	1	5
TGCGA	ATCGC	1	5
TGCGC	AGCGC	1	5
TGCGG	ACCGC	1	5
TGCGT	AACGC	1	5
TGCTA	AGCAT	1	5
TGCTC	AGAGC	1	5
TGCTG	ACAGC	1	5
TGCTT	AAAGC	1	5
TGGAA	AATGG	0	5
TGGAC	ACTGG	0	5
TGGAG	ACTCC	1	5
TGGAT	AATCC	1	5
TGGCA	ATGCC	1	5
TGGCC	AGGCC	1	5
TGGCG	ACGCC	1	5
TGGCT	AAGCC	1	5
TGGGA	ATCCC	1	5
TGGGC	AGCCC	1	5
TGGGG	ACCCC	1	5
TGGGT	AACCC	1	5
TGGTA	ACCAT	1	5
TGGTC	ACCAG	1	5
TGGTG	ACACC	1	5
TGGTT	AAACC	1	5
TGTAA	AATGT	0	5
TGTAC	ACAGT	1	5
TGTAG	ACACT	1	5
TGTAT	AATAC	1	5
TGTCA	ACATG	1	5
TGTCC	ACAGG	1	5
TGTCG	ACACG	1	5
TGTCT	AAGAC	1	5
TGTGA	ACATC	1	5
TGTGC	ACAGC	1	5
TGTGG	ACACC	1	5
TGTGT	AACAC	1	5
TGTTA	AACAT	1	5
TGTTC	AACAG	1	5
TGTTG	AACAC	1	5
TGTTT	AAAAC	1	5
TTAAA	AAATT	0	5
TTAAC	AACTT	0	5
TTAAG	AACTT	1	5
TTAAT	AAATT	1	5
TTACA	AATGT	1	5
TTACC	AAGGT	1	5
TTACG	AACGT	1	5
TTACT	AAAGT	1	5
TTAGA	AATCT	1	5
TTAGC	AAGCT	1	5
TTAGG	AACCT	1	5
TTAGT	AAACT	1	5
TTATA	AATAT	1	5
TTATC	AAGAT	1	5
TTATG	AACAT	1	5
TTATT	AAAAT	1	5
TTCAA	AATTC	0	5
TTCAC	AAGTG	1	5
TTCAG	AACTG	1	5
TTCAT	AAATG	1	5
TTCCA	AATGG	1	5
TTCCC	AAGGG	1	5
TTCCG	AACGG	1	5
TTCCT	AAAGG	1	5
TTCGA	AATCG	1	5
TTCGC	AAGCG	1	5
TTCGG	AACCG	1	5
TTCGT	AAACG	1	5
TTCTA	AATAG	1	5
TTCTC	AAGAG	1	5
TTCTG	AACAG	1	5
TTCTT	AAAAG	1	5
TTGAA	AATTC	1	5
TTGAC	AAGTC	1	5
TTGAG	AACTC	1	5
TTGAT	AAATC	1	5
TTGCA	AATGC	1	5
TTGCC	AAGGC	1	5
TTGCG	AACGC	1	5
TTGCT	AAAGC	1	5
TTGGA	AATCC	1	5
TTGGC	AAGCC	1	5
TTGGG	AACCC	1	5
TTGGT	AAACC	1	5
TTGTA	AATAC	1	5
TTGTC	AAGAC	1	5
TTGTG	AACAC	1	5
TTGTT	AAAAC	1	5
TTTAA	AAATT	1	5
TTTAC	AAAGT	1	5
TTTAG	AAACT	1	5
TTTAT	AAAAT	1	5
TTTCA	AAATG	1	5
TTTCC	AAAGG	1	5
TTTCG	AAACG	1	5
TTTCT	AAAAG	1	5
TTTGA	AAATC	1	5
TTTGC	AAAGC	1	5
TTTGG	AAACC	1	5
TTTGT	AAAAC	1	5
TTTTA	AAAAT	1	5
TTTTC	AAAAG	1	5
TTTTG	AAAAC	1	5
AAAAAC	AAAAAC	0	6
AAAAAG	AAAAAG	0	6
AAAAAT	AAAAAT	0	6
AAAACA	AAAAAC	0	6
AAAACC	AAAACC	0	6
AAAACG	AAAACG	0	6
AAAACT	AAAACT	0	6
AAAAGA	AAAAAG	0	6
AAAAGC	AAAAGC	0	6
AAAAGG	AAAAGG	0	6
AAAAGT	AAAAGT	0	6
AAAATA	AAAAAT	0	6
AAAATC	AAAATC	0	6
AAAATG	AAAATG	0	6
AAAATT	AAAATT	0	6
AAACAA	AAAAAC	0	6
AAACAC	AAACAC	0	6
AAACAG	AAACAG	0	6
AAACAT	AAACAT	0	6
AAACCA	AAAACC	0	6
AAACCC	AAACCC	0	6
AAACCG	AAACCG	0	6
AAACCT	AAACCT	0	6
AAACGA	AAAACG	0	6
AAACGC	AAACGC	0	6
AAACGG	AAACGG	0	6
AAACGT	AAACGT	0	6
AAACTA	AAAACT	0	6
AAACTC	AAACTC	0	6
AAACTG	AAACTG	0	6
AAACTT	AAACTT	0	6
AAAGAA	AAAAAG	0	6
AAAGAC	AAAGAC	0	6
AAAGAG	AAAGAG	0	6
AAAGAT	AAAGAT	0	6
AAAGCA	AAAAGC	0	6
AAAGCC	AAAGCC	0	6
AAAGCG	AAAGCG	0	6
AAAGCT	AAAGCT	0	6
AAAGGA	AAAAGG	0	6
AAAGGC	AAAGGC	0	6
AAAGGG	AAAGGG	0	6
AAAGGT	AAAGGT	0	6
AAAGTA	AAAAGT	0	6
AAAGTC	AAAGTC	0	6
AAAGTG	AAAGTG	0	6
AAAGTT	AAAGTT	0	6
AAATAA	AAAAAT	0	6
AAATAC	AAATAC	0	6
AAATAG	AAATAG	0	6
AAATAT	AAATAT	0	6
AAATCA	AAAATC	0	6
AAATCC	AAATCC	0	6
AAATCG	AAATCG	0	6
AAATCT	AAATCT	0	6
AAATGA	AAAATG	0	6
AAATGC	AAATGC	0	6
AAATGG	AAATGG	0	6
AAATGT	AAATGT	0	6
AAATTA	AAAATT	0	6
AAATTC	AAATTC	0	6
AAATTG	AAATTG	0	6
AAATTT	AAATTT	0	6
AACAAA	AAAAAC	0	6
AACAAG	AACAAG	0	6
AACAAT	AACAAT	0	6
AACACA	AAACAC	0	6
AACACC	AACACC	0	6
AACACG	AACACG	0	6
AACACT	AACACT	0	6
AACAGA	AAACAG	0	6
AACAGC	AACAGC	0	6
AACAGG	AACAGG	0	6
AACAGT	AACAGT	0	6
AACATA	AAACAT	0	6
AACATC	AACATC	0	6
AACATG	AACATG	0	6
AACATT	AACATT	0	6
AACCAA	AAAACC	0	6
AACCAC	AACCAC	0	6
AACCAG	AACCAG	0	6
AACCAT	AACCAT	0	6
AACCCA	AAACCC	0	6
AACCCC	AACCCC	0	6
AACCCG	AACCCG	0	6
AACCCT	AACCCT	0	6
AACCGA	AAACCG	0	6
AACCGC	AACCGC	0	6
AACCGG	AACCGG	0	6
AACCGT	AACCGT	0	6
AACCTA	AAACCT	0	6
AACCTC	AACCTC	0	6
AACCTG	AACCTG	0	6
AACCTT	AACCTT	0	6
AACGAA	AAAACG	0	6
AACGAC	AACGAC	0	6
AACGAG	AACGAG	0	6
AACGAT	AACGAT	0	6
AACGCA	AAACGC	0	6
AACGCC	AACGCC	0	6
AACGCG	AACGCG	0	6
AACGCT	AACGCT	0	6
AACGGA	AAACGG	0	6
AACGGC	AACGGC	0	6
AACGGG	AACGGG	0	6
AACGGT	AACGGT	0	6
AACGTA	AAACGT	0	6
AACGTC	AACGTC	0	6
AACGTG	AACGTG	0	6
AACGTT	AACGTT	0	6
AACTAA	AAAACT	0	6
AACTAC	AACTAC	0	6
AACTAG	AACTAG	0	6
AACTAT	AACTAT	0	6
AACTCA	AAACTC	0	6
AACTCC	AACTCC	0	6
AACTCG	AACTCG	0	6
AACTCT	AACTCT	0	6
AACTGA	AAACTG	0	6
AACTGC	AACTGC	0	6
AACTGG	AACTGG	0	6
AACTGT	AACTGT	0	6
AACTTA	AAACTT	0	6
AACTTC	AACTTC	0	6
AACTTG	AACTTG	0	6
AACTTT	AAAGTT	1	6
AAGAAA	AAAAAG	0	6
AAGAAC	AACAAG	0	6
AAGAAT	AAGAAT	0	6
AAGACA	AAAGAC	0	6
AAGACC	AAGACC	0	6
AAGACG	AAGACG	0	6
AAGACT	AAGACT	0	6
AAGAGA	AAAGAG	0	6
AAGAGC	AAGAGC	0	6
AAGAGG	AAGAGG	0	6
AAGAGT	AAGAGT	0	6
AAGATA	AAAGAT	0	6
AAGATC	AAGATC	0	6
AAGATG	AAGATG	0	6
AAGATT	AAGATT	0	6
AAGCAA	AAAAGC	0	6
AAGCAC	AAGCAC	0	6
AAGCAG	AAGCAG	0	6
AAGCAT	AAGCAT	0	6
AAGCCA	AAAGCC	0	6
AAGCCC	AAGCCC	0	6
AAGCCG	AAGCCG	0	6
AAGCCT	AAGCCT	0	6
AAGCGA	AAAGCG	0	6
AAGCGC	AAGCGC	0	6
AAGCGG	AAGCGG	0	6
AAGCGT	AAGCGT	0	6
AAGCTA	AAAGCT	0	6
AAGCTC	AAGCTC	0	6
AAGCTG	AAGCTG	0	6
AAGCTT	AAGCTT	0	6
AAGGAA	AAAAGG	0	6
AAGGAC	AAGGAC	0	6
AAGGAG	AAGGAG	0	6
AAGGAT	AAGGAT	0	6
AAGGCA	AAAGGC	0	6
AAGGCC	AAGGCC	0	6
AAGGCG	AAGGCG	0	6
AAGGCT	AAGGCT	0	6
AAGGGA	AAAGGG	0	6
AAGGGC	AAGGGC	0	6
AAGGGG	AAGGGG	0	6
AAGGGT	AAGGGT	0	6
AAGGTA	AAAGGT	0	6
AAGGTC	AAGGTC	0	6
AAGGTG	AAGGTG	0	6
AAGGTT	AACCTT	1	6
AAGTAA	AAAAGT	0	6
AAGTAC	AAGTAC	0	6
AAGTAG	AAGTAG	0	6
AAGTAT	AAGTAT	0	6
AAGTCA	AAAGTC	0	6
AAGTCC	AAGTCC	0	6
AAGTCG	AAGTCG	0	6
AAGTCT	AAGTCT	0	6
AAGTGA	AAAGTG	0	6
AAGTGC	AAGTGC	0	6
AAGTGG	AAGTGG	0	6
AAGTGT	AAGTGT	0	6
AAGTTA	AAAGTT	0	6
AAGTTC	AACTTG	1	6
AAGTTG	AACTTC	1	6
AAGTTT	AAACTT	1	6
AATAAA	AAAAAT	0	6
AATAAC	AACAAT	0	6
AATAAG	AAGAAT	0	6
AATACA	AAATAC	0	6
AATACC	AATACC	0	6
AATACG	AATACG	0	6
AATACT	AATACT	0	6
AATAGA	AAATAG	0	6
AATAGC	AATAGC	0	6
AATAGG	AATAGG	0	6
AATAGT	AATAGT	0	6
AATATA	AAATAT	0	6
AATATC	AATATC	0	6
AATATG	AATATG	0	6
AATATT	AATATT	0	6
AATCAA	AAAATC	0	6
AATCAC	AATCAC	0	6
AATCAG	AATCAG	0	6
AATCAT	AATCAT	0	6
AATCCA	AAATCC	0	6
AATCCC	AATCCC	0	6
AATCCG	AATCCG	0	6
AATCCT	AATCCT	0	6
AATCGA	AAATCG	0	6
AATCGC	AATCGC	0	6
AATCGG	AATCGG	0	6
AATCGT	AATCGT	0	6
AATCTA	AAATCT	0	6
AATCTC	AATCTC	0	6
AATCTG	AATCTG	0	6
AATCTT	AAGATT	1	6
AATGAA	AAAATG	0	6
AATGAC	AATGAC	0	6
AATGAG	AATGAG	0	6
AATGAT	AATGAT	0	6
AATGCA	AAATGC	0	6
AATGCC	AATGCC	0	6
AATGCG	AATGCG	0	6
AATGCT	AATGCT	0	6
AATGGA	AAATGG	0	6
AATGGC	AATGGC	0	6
AATGGG	AATGGG	0	6
AATGGT	AATGGT	0	6
AATGTA	AAATGT	0	6
AATGTC	AATGTC	0	6
AATGTG	AATGTG	0	6
AATGTT	AACATT	1	6
AATTAA	AAAATT	0	6
AATTAC	AATTAC	0	6
AATTAG	AATTAG	0	6
AATTAT	AATTAT	0	6
AATTCA	AAATTC	0	6
AATTCC	AATTCC	0	6
AATTCG	AATTCG	0	6
AATTCT	AATTAG	1	6
AATTGA	AAATTG	0	6
AATTGC	AATTGC	0	6
AATTGG	AATTCC	1	6
AATTGT	AATTAC	1	6
AATTTA	AAATTT	0	6
AATTTC	AAATTG	1	6
AATTTG	AAATTC	1	6
AATTTT	AAAATT	1	6
ACAAAA	AAAAAC	0	6
ACAAAC	AAACAC	0	6
ACAAAG	AAAGAC	0	6
ACAAAT	AAATAC	0	6
ACAACC	AACCAC	0	6
ACAACG	AACGAC	0	6
ACAACT	AACTAC	0	6
ACAAGA	AACAAG	0	6
ACAAGC	AAGCAC	0	6
ACAAGG	AAGGAC	0	6
ACAAGT	AAGTAC	0	6
ACAATA	AACAAT	0	6
ACAATC	AATCAC	0	6
ACAATG	AATGAC	0	6
ACAATT	AATTAC	0	6
ACACAA	AAACAC	0	6
ACACAG	ACACAG	0	6
ACACAT	ACACAT	0	6
ACACCA	AACACC	0	6
ACACCC	ACACCC	0	6
ACACCG	ACACCG	0	6
ACACCT	ACACCT	0	6
ACACGA	AACACG	0	6
ACACGC	ACACGC	0	6
ACACGG	ACACGG	0	6
ACACGT	ACACGT	0	6
ACACTA	AACACT	0	6
ACACTC	ACACTC	0	6
ACACTG	ACACTG	0	6
ACACTT	AAGTGT	1	6
ACAGAA	AAACAG	0	6
ACAGAC	ACACAG	0	6
ACAGAG	ACAGAG	0	6
ACAGAT	ACAGAT	0	6
ACAGCA	AACAGC	0	6
ACAGCC	ACAGCC	0	6
ACAGCG	ACAGCG	0	6
ACAGCT	ACAGCT	0	6
ACAGGA	AACAGG	0	6
ACAGGC	ACAGGC	0	6
ACAGGG	ACAGGG	0	6
ACAGGT	ACAGGT	0	6
ACAGTA	AACAGT	0	6
ACAGTC	ACAGTC	0	6
ACAGTG	ACAGTG	0	6
ACAGTT	AACTGT	1	6
ACATAA	AAACAT	0	6
ACATAC	ACACAT	0	6
ACATAG	ACATAG	0	6
ACATAT	ACATAT	0	6
ACATCA	AACATC	0	6
ACATCC	ACATCC	0	6
ACATCG	ACATCG	0	6
ACATCT	ACATCT	0	6
ACATGA	AACATG	0	6
ACATGC	ACATGC	0	6
ACATGG	ACATGG	0	6
ACATGT	ACATGT	0	6
ACATTA	AACATT	0	6
ACATTC	AATGTG	1	6
ACATTG	AATGTC	1	6
ACATTT	AAATGT	1	6
ACCAAA	AAAACC	0	6
ACCAAC	AACACC	0	6
ACCAAG	AAGACC	0	6
ACCAAT	AATACC	0	6
ACCACA	AACCAC	0	6
ACCACG	ACCACG	0	6
ACCACT	ACCACT	0	6
ACCAGA	AACCAG	0	6
ACCAGC	ACCAGC	0	6
ACCAGG	ACCAGG	0	6
ACCAGT	ACCAGT	0	6
ACCATA	AACCAT	0	6
ACCATC	ACCATC	0	6
ACCATG	ACCATG	0	6
ACCATT	AATGGT	1	6
ACCCAA	AAACCC	0	6
ACCCAC	ACACCC	0	6
ACCCAG	ACCCAG	0	6
ACCCAT	ACCCAT	0	6
ACCCCA	AACCCC	0	6
ACCCCC	ACCCCC	0	6
ACCCCG	ACCCCG	0	6
ACCCCT	ACCCCT	0	6
ACCCGA	AACCCG	0	6
ACCCGC	ACCCGC	0	6
ACCCGG	ACCCGG	0	6
ACCCGT	ACCCGT	0	6
ACCCTA	AACCCT	0	6
ACCCTC	ACCCTC	0	6
ACCCTG	ACCCTG	0	6
ACCCTT	AAGGGT	1	6
ACCGAA	AAACCG	0	6
ACCGAC	ACACCG	0	6
ACCGAG	ACCGAG	0	6
ACCGAT	ACCGAT	0	6
ACCGCA	AACCGC	0	6
ACCGCC	ACCGCC	0	6
ACCGCG	ACCGCG	0	6
ACCGCT	ACCGCT	0	6
ACCGGA	AACCGG	0	6
ACCGGC	ACCGGC	0	6
ACCGGG	ACCGGG	0	6
ACCGGT	ACCGGT	0	6
ACCGTA	AACCGT	0	6
ACCGTC	ACCGTC	0	6
ACCGTG	ACCGTG	0	6
ACCGTT	AACGGT	1	6
ACCTAA	AAACCT	0	6
ACCTAC	ACACCT	0	6
ACCTAG	ACCTAG	0	6
ACCTAT	ACCTAT	0	6
ACCTCA	AACCTC	0	6
ACCTCC	ACCTCC	0	6
ACCTCG	ACCTCG	0	6
ACCTCT	ACCTCT	0	6
ACCTGA	AACCTG	0	6
ACCTGC	ACCTGC	0	6
ACCTGG	ACCTGG	0	6
ACCTGT	ACAGGT	1	6
ACCTTA	AACCTT	0	6
ACCTTC	AAGGTG	1	6
ACCTTG	AAGGTC	1	6
ACCTTT	AAAGGT	1	6
ACGAAA	AAAACG	0	6
ACGAAC	AACACG	0	6
ACGAAG	AAGACG	0	6
ACGAAT	AATACG	0	6
ACGACA	AACGAC	0	6
ACGACC	ACCACG	0	6
ACGACT	ACGACT	0	6
ACGAGA	AACGAG	0	6
ACGAGC	ACGAGC	0	6
ACGAGG	ACGAGG	0	6
ACGAGT	ACGAGT	0	6
ACGATA	AACGAT	0	6
ACGATC	ACGATC	0	6
ACGATG	ACGATG	0	6
ACGATT	AATCGT	1	6
ACGCAA	AAACGC	0	6
ACGCAC	ACACGC	0	6
ACGCAG	ACGCAG	0	6
ACGCAT	ACGCAT	0	6
ACGCCA	AACGCC	0	6
ACGCCC	ACGCCC	0	6
ACGCCG	ACGCCG	0	6
ACGCCT	ACGCCT	0	6
ACGCGA	AACGCG	0	6
ACGCGC	ACGCGC	0	6
ACGCGG	ACGCGG	0	6
ACGCGT	ACGCGT	0	6
ACGCTA	AACGCT	0	6
ACGCTC	ACGCTC	0	6
ACGCTG	ACGCTG	0	6
ACGCTT	AAGCGT	1	6
ACGGAA	AAACGG	0	6
ACGGAC	ACACGG	0	6
ACGGAG	ACGGAG	0	6
ACGGAT	ACGGAT	0	6
ACGGCA	AACGGC	0	6
ACGGCC	ACGGCC	0	6
ACGGCG	ACGGCG	0	6
ACGGCT	ACGGCT	0	6
ACGGGA	AACGGG	0	6
ACGGGC	ACGGGC	0	6
ACGGGG	ACGGGG	0	6
ACGGGT	ACCCGT	1	6
ACGGTA	AACGGT	0	6
ACGGTC	ACCGTG	1	6
ACGGTG	ACCGTC	1	6
ACGGTT	AACCGT	1	6
ACGTAA	AAACGT	0	6
ACGTAC	ACACGT	0	6
ACGTAG	ACGTAG	0	6
ACGTAT	ACGTAT	0	6
ACGTCA	AACGTC	0	6
ACGTCC	ACGTCC	0	6
ACGTCG	ACGTCG	0	6
ACGTCT	ACGTAG	1	6
ACGTGA	AACGTG	0	6
ACGTGC	ACGTGC	0	6
ACGTGG	ACGTCC	1	6
ACGTGT	ACACGT	1	6
ACGTTA	AACGTT	0	6
ACGTTC	AACGTG	1	6
ACGTTG	AACGTC	1	6
ACGTTT	AAACGT	1	6
ACTAAA	AAAACT	0	6
ACTAAC	AACACT	0	6
ACTAAG	AAGACT	0	6
ACTAAT	AATACT	0	6
ACTACA	AACTAC	0	6
ACTACC	ACCACT	0	6
ACTACG	ACGACT	0	6
ACTAGA	AACTAG	0	6
ACTAGC	ACTAGC	0	6
ACTAGG	ACTAGG	0	6
ACTAGT	ACTAGT	0	6
ACTATA	AACTAT	0	6
ACTATC	ACTATC	0	6
ACTATG	ACTATG	0	6
ACTATT	AATAGT	1	6
ACTCAA	AAACTC	0	6
ACTCAC	ACACTC	0	6
ACTCAG	ACTCAG	0	6
ACTCAT	ACTCAT	0	6
ACTCCA	AACTCC	0	6
ACTCCC	ACTCCC	0	6
ACTCCG	ACTCCG	0	6
ACTCCT	ACTCCT	0	6
ACTCGA	AACTCG	0	6
ACTCGC	ACTCGC	0	6
ACTCGG	ACTCGG	0	6
ACTCGT	ACGAGT	1	6
ACTCTA	AACTCT	0	6
ACTCTC	ACTCTC	0	6
ACTCTG	ACTCTG	0	6
ACTCTT	AAGAGT	1	6
ACTGAA	AAACTG	0	6
ACTGAC	ACACTG	0	6
ACTGAG	ACTGAG	0	6
ACTGAT	ACTGAT	0	6
ACTGCA	AACTGC	0	6
ACTGCC	ACTGCC	0	6
ACTGCG	ACTGCG	0	6
ACTGCT	ACTGCT	0	6
ACTGGA	AACTGG	0	6
ACTGGC	ACTGGC	0	6
ACTGGG	ACTGGG	0	6
ACTGGT	ACCAGT	1	6
ACTGTA	AACTGT	0	6
ACTGTC	ACAGTG	1	6
ACTGTG	ACAGTC	1	6
ACTGTT	AACAGT	1	6
ACTTAA	AAACTT	0	6
ACTTAC	AAGTGT	1	6
ACTTAG	AAGTCT	1	6
ACTTAT	AAGTAT	1	6
ACTTCA	AACTTC	0	6
ACTTCC	AAGTGG	1	6
ACTTCG	AAGTCG	1	6
ACTTCT	AAGTAG	1	6
ACTTGA	AACTTG	0	6
ACTTGC	AAGTGC	1	6
ACTTGG	AAGTCC	1	6
ACTTGT	AAGTAC	1	6
ACTTTA	AAAGTT	1	6
ACTTTC	AAAGTG	1	6
ACTTTG	AAAGTC	1	6
ACTTTT	AAAAGT	1	6
AGAAAA	AAAAAG	0	6
AGAAAC	AAACAG	0	6
AGAAAG	AAAGAG	0	6
AGAAAT	AAATAG	0	6
AGAACA	AACAAG	0	6
AGAACC	AACCAG	0	6
AGAACG	AACGAG	0	6
AGAACT	AACTAG	0	6
AGAAGC	AAGCAG	0	6
AGAAGG	AAGGAG	0	6
AGAAGT	AAGTAG	0	6
AGAATA	AAGAAT	0	6
AGAATC	AATCAG	0	6
AGAATG	AATGAG	0	6
AGAATT	AATTAG	0	6
AGACAA	AAAGAC	0	6
AGACAC	ACACAG	0	6
AGACAG	ACAGAG	0	6
AGACAT	ACATAG	0	6
AGACCA	AAGACC	0	6
AGACCC	ACCCAG	0	6
AGACCG	ACCGAG	0	6
AGACCT	ACCTAG	0	6
AGACGA	AAGACG	0	6
AGACGC	ACGCAG	0	6
AGACGG	ACGGAG	0	6
AGACGT	ACGTAG	0	6
AGACTA	AAGACT	0	6
AGACTC	ACTCAG	0	6
AGACTG	ACTGAG	0	6
AGACTT	AAGTCT	1	6
AGAGAA	AAAGAG	0	6
AGAGAC	ACAGAG	0	6
AGAGAT	AGAGAT	0	6
AGAGCA	AAGAGC	0	6
AGAGCC	AGAGCC	0	6
AGAGCG	AGAGCG	0	6
AGAGCT	AGAGCT	0	6
AGAGGA	AAGAGG	0	6
AGAGGC	AGAGGC	0	6
AGAGGG	AGAGGG	0	6
AGAGGT	ACCTCT	1	6
AGAGTA	AAGAGT	0	6
AGAGTC	ACTCTG	1	6
AGAGTG	ACTCTC	1	6
AGAGTT	AACTCT	1	6
AGATAA	AAAGAT	0	6
AGATAC	ACAGAT	0	6
AGATAG	AGAGAT	0	6
AGATAT	AGATAT	0	6
AGATCA	AAGATC	0	6
AGATCC	AGATCC	0	6
AGATCG	AGATCG	0	6
AGATCT	AGATCT	0	6
AGATGA	AAGATG	0	6
AGATGC	AGATGC	0	6
AGATGG	AGATGG	0	6
AGATGT	ACATCT	1	6
AGATTA	AAGATT	0	6
AGATTC	AATCTG	1	6
AGATTG	AATCTC	1	6
AGATTT	AAATCT	1	6
AGCAAA	AAAAGC	0	6
AGCAAC	AACAGC	0	6
AGCAAG	AAGAGC	0	6
AGCAAT	AATAGC	0	6
AGCACA	AAGCAC	0	6
AGCACC	ACCAGC	0	6
AGCACG	ACGAGC	0	6
AGCACT	ACTAGC	0	6
AGCAGA	AAGCAG	0	6
AGCAGG	AGCAGG	0	6
AGCAGT	ACTGCT	1	6
AGCATA	AAGCAT	0	6
AGCATC	AGCATC	0	6
AGCATG	AGCATG	0	6
AGCATT	AATGCT	1	6
AGCCAA	AAAGCC	0	6
AGCCAC	ACAGCC	0	6
AGCCAG	AGAGCC	0	6
AGCCAT	AGCCAT	0	6
AGCCCA	AAGCCC	0	6
AGCCCC	AGCCCC	0	6
AGCCCG	AGCCCG	0	6
AGCCCT	AGCCCT	0	6
AGCCGA	AAGCCG	0	6
AGCCGC	AGCCGC	0	6
AGCCGG	AGCCGG	0	6
AGCCGT	ACGGCT	1	6
AGCCTA	AAGCCT	0	6
AGCCTC	AGCCTC	0	6
AGCCTG	AGCCTG	0	6
AGCCTT	AAGGCT	1	6
AGCGAA	AAAGCG	0	6
AGCGAC	ACAGCG	0	6
AGCGAG	AGAGCG	0	6
AGCGAT	AGCGAT	0	6
AGCGCA	AAGCGC	0	6
AGCGCC	AGCGCC	0	6
AGCGCG	AGCGCG	0	6
AGCGCT	AGCGCT	0	6
AGCGGA	AAGCGG	0	6
AGCGGC	AGCGGC	0	6
AGCGGG	AGCGGG	0	6
AGCGGT	ACCGCT	1	6
AGCGTA	AAGCGT	0	6
AGCGTC	ACGCTG	1	6
AGCGTG	ACGCTC	1	6
AGCGTT	AACGCT	1	6
AGCTAA	AAAGCT	0	6
AGCTAC	ACAGCT	0	6
AGCTAG	AGAGCT	0	6
AGCTAT	AGCTAT	0	6
AGCTCA	AAGCTC	0	6
AGCTCC	AGCTCC	0	6
AGCTCG	AGCTCG	0	6
AGCTCT	AGAGCT	1	6
AGCTGA	AAGCTG	0	6
AGCTGC	AGCTGC	0	6
AGCTGG	AGCTCC	1	6
AGCTGT	ACAGCT	1	6
AGCTTA	AAGCTT	0	6
AGCTTC	AAGCTG	1	6
AGCTTG	AAGCTC	1	6
AGCTTT	AAAGCT	1	6
AGGAAA	AAAAGG	0	6
AGGAAC	AACAGG	0	6
AGGAAG	AAGAGG	0	6
AGGAAT	AATAGG	0	6
AGGACA	AAGGAC	0	6
AGGACC	ACCAGG	0	6
AGGACG	ACGAGG	0	6
AGGACT	ACTAGG	0	6
AGGAGA	AAGGAG	0	6
AGGAGC	AGCAGG	0	6
AGGAGT	ACTCCT	1	6
AGGATA	AAGGAT	0	6
AGGATC	AGGATC	0	6
AGGATG	AGGATG	0	6
AGGATT	AATCCT	1	6
AGGCAA	AAAGGC	0	6
AGGCAC	ACAGGC	0	6
AGGCAG	AGAGGC	0	6
AGGCAT	AGGCAT	0	6
AGGCCA	AAGGCC	0	6
AGGCCC	AGGCCC	0	6
AGGCCG	AGGCCG	0	6
AGGCCT	AGGCCT	0	6
AGGCGA	AAGGCG	0	6
AGGCGC	AGGCGC	0	6
AGGCGG	AGGCGG	0	6
AGGCGT	ACGCCT	1	6
AGGCTA	AAGGCT	0	6
AGGCTC	AGCCTG	1	6
AGGCTG	AGCCTC	1	6
AGGCTT	AAGCCT	1	6
AGGGAA	AAAGGG	0	6
AGGGAC	ACAGGG	0	6
AGGGAG	AGAGGG	0	6
AGGGAT	AGGGAT	0	6
AGGGCA	AAGGGC	0	6
AGGGCC	AGGGCC	0	6
AGGGCG	AGGGCG	0	6
AGGGCT	AGCCCT	1	6
AGGGGA	AAGGGG	0	6
AGGGGC	AGGGGC	0	6
AGGGGG	AGGGGG	0	6
AGGGGT	ACCCCT	1	6
AGGGTA	AAGGGT	0	6
AGGGTC	ACCCTG	1	6
AGGGTG	ACCCTC	1	6
AGGGTT	AACCCT	1	6
AGGTAA	AAAGGT	0	6
AGGTAC	ACAGGT	0	6
AGGTAG	ACCTCT	1	6
AGGTAT	ACCTAT	1	6
AGGTCA	AAGGTC	0	6
AGGTCC	ACCTGG	1	6
AGGTCG	ACCTCG	1	6
AGGTCT	ACCTAG	1	6
AGGTGA	AAGGTG	0	6
AGGTGC	ACCTGC	1	6
AGGTGG	ACCTCC	1	6
AGGTGT	ACACCT	1	6
AGGTTA	AACCTT	1	6
AGGTTC	AACCTG	1	6
AGGTTG	AACCTC	1	6
AGGTTT	AAACCT	1	6
AGTAAA	AAAAGT	0	6
AGTAAC	AACAGT	0	6
AGTAAG	AAGAGT	0	6
AGTAAT	AATAGT	0	6
AGTACA	AAGTAC	0	6
AGTACC	ACCAGT	0	6
AGTACG	ACGAGT	0	6
AGTACT	ACTAGT	0	6
AGTAGA	AAGTAG	0	6
AGTAGC	ACTGCT	1	6
AGTAGG	ACTCCT	1	6
AGTATA	AAGTAT	0	6
AGTATC	ACTGAT	1	6
AGTATG	ACTCAT	1	6
AGTATT	AATACT	1	6
AGTCAA	AAAGTC	0	6
AGTCAC	ACAGTC	0	6
AGTCAG	ACTCTG	1	6
AGTCAT	ACTATG	1	6
AGTCCA	AAGTCC	0	6
AGTCCC	ACTGGG	1	6
AGTCCG	ACTCGG	1	6
AGTCCT	ACTAGG	1	6
AGTCGA	AAGTCG	0	6
AGTCGC	ACTGCG	1	6
AGTCGG	ACTCCG	1	6
AGTCGT	ACGACT	1	6
AGTCTA	AAGTCT	0	6
AGTCTC	ACTGAG	1	6
AGTCTG	ACTCAG	1	6
AGTCTT	AAGACT	1	6
AGTGAA	AAAGTG	0	6
AGTGAC	ACAGTG	0	6
AGTGAG	ACTCTC	1	6
AGTGAT	ACTATC	1	6
AGTGCA	AAGTGC	0	6
AGTGCC	ACTGGC	1	6
AGTGCG	ACTCGC	1	6
AGTGCT	ACTAGC	1	6
AGTGGA	AAGTGG	0	6
AGTGGC	ACTGCC	1	6
AGTGGG	ACTCCC	1	6
AGTGGT	ACCACT	1	6
AGTGTA	AAGTGT	0	6
AGTGTC	ACACTG	1	6
AGTGTG	ACACTC	1	6
AGTGTT	AACACT	1	6
AGTTAA	AAAGTT	0	6
AGTTAC	AACTGT	1	6
AGTTAG	AACTCT	1	6
AGTTAT	AACTAT	1	6
AGTTCA	AACTTG	1	6
AGTTCC	AACTGG	1	6
AGTTCG	AACTCG	1	6
AGTTCT	AACTAG	1	6
AGTTGA	AACTTC	1	6
AGTTGC	AACTGC	1	6
AGTTGG	AACTCC	1	6
AGTTGT	AACTAC	1	6
AGTTTA	AAACTT	1	6
AGTTTC	AAACTG	1	6
AGTTTG	AAACTC	1	6
AGTTTT	AAAACT	1	6
ATAAAA	AAAAAT	0	6
ATAAAC	AAACAT	0	6
ATAAAG	AAAGAT	0	6
ATAAAT	AAATAT	0	6
ATAACA	AACAAT	0	6
ATAACC	AACCAT	0	6
ATAACG	AACGAT	0	6
ATAACT	AACTAT	0	6
ATAAGA	AAGAAT	0	6
ATAAGC	AAGCAT	0	6
ATAAGG	AAGGAT	0	6
ATAAGT	AAGTAT	0	6
ATAATC	AATCAT	0	6
ATAATG	AATGAT	0	6
ATAATT	AATTAT	0	6
ATACAA	AAATAC	0	6
ATACAC	ACACAT	0	6
ATACAG	ACAGAT	0	6
ATACAT	ACATAT	0	6
ATACCA	AATACC	0	6
ATACCC	ACCCAT	0	6
ATACCG	ACCGAT	0	6
ATACCT	ACCTAT	0	6
ATACGA	AATACG	0	6
ATACGC	ACGCAT	0	6
ATACGG	ACGGAT	0	6
ATACGT	ACGTAT	0	6
ATACTA	AATACT	0	6
ATACTC	ACTCAT	0	6
ATACTG	ACTGAT	0	6
ATACTT	AAGTAT	1	6
ATAGAA	AAATAG	0	6
ATAGAC	ACATAG	0	6
ATAGAG	AGAGAT	0	6
ATAGAT	AGATAT	0	6
ATAGCA	AATAGC	0	6
ATAGCC	AGCCAT	0	6
ATAGCG	AGCGAT	0	6
ATAGCT	AGCTAT	0	6
ATAGGA	AATAGG	0	6
ATAGGC	AGGCAT	0	6
ATAGGG	AGGGAT	0	6
ATAGGT	ACCTAT	1	6
ATAGTA	AATAGT	0	6
ATAGTC	ACTATG	1	6
ATAGTG	ACTATC	1	6
ATAGTT	AACTAT	1	6
ATATAA	AAATAT	0	6
ATATAC	ACATAT	0	6
ATATAG	AGATAT	0	6
ATATCA	AATATC	0	6
ATATCC	ATATCC	0	6
ATATCG	ATATCG	0	6
ATATCT	AGATAT	1	6
ATATGA	AATATG	0	6
ATATGC	ATATGC	0	6
ATATGG	ATATCC	1	6
ATATGT	ACATAT	1	6
ATATTA	AATATT	0	6
ATATTC	AATATG	1	6
ATATTG	AATATC	1	6
ATATTT	AAATAT	1	6
ATCAAA	AAAATC	0	6
ATCAAC	AACATC	0	6
ATCAAG	AAGATC	0	6
ATCAAT	AATATC	0	6
ATCACA	AATCAC	0	6
ATCACC	ACCATC	0	6
ATCACG	ACGATC	0	6
ATCACT	ACTATC	0	6
ATCAGA	AATCAG	0	6
ATCAGC	AGCATC	0	6
ATCAGG	AGGATC	0	6
ATCAGT	ACTGAT	1	6
ATCATA	AATCAT	0	6
ATCATG	ATCATG	0	6
ATCATT	AATGAT	1	6
ATCCAA	AAATCC	0	6
ATCCAC	ACATCC	0	6
ATCCAG	AGATCC	0	6
ATCCAT	ATATCC	0	6
ATCCCA	AATCCC	0	6
ATCCCC	ATCCCC	0	6
ATCCCG	ATCCCG	0	6
ATCCCT	AGGGAT	1	6
ATCCGA	AATCCG	0	6
ATCCGC	ATCCGC	0	6
ATCCGG	ATCCGG	0	6
ATCCGT	ACGGAT	1	6
ATCCTA	AATCCT	0	6
ATCCTC	AGGATG	1	6
ATCCTG	AGGATC	1	6
ATCCTT	AAGGAT	1	6
ATCGAA	AAATCG	0	6
ATCGAC	ACATCG	0	6
ATCGAG	AGATCG	0	6
ATCGAT	ATATCG	0	6
ATCGCA	AATCGC	0	6
ATCGCC	ATCGCC	0	6
ATCGCG	ATCGCG	0	6
ATCGCT	AGCGAT	1	6
ATCGGA	AATCGG	0	6
ATCGGC	ATCGGC	0	6
ATCGGG	ATCCCG	1	6
ATCGGT	ACCGAT	1	6
ATCGTA	AATCGT	0	6
ATCGTC	ACGATG	1	6
ATCGTG	ACGATC	1	6
ATCGTT	AACGAT	1	6
ATCTAA	AAATCT	0	6
ATCTAC	ACATCT	0	6
ATCTAG	AGATCT	0	6
ATCTAT	AGATAT	1	6
ATCTCA	AATCTC	0	6
ATCTCC	AGATGG	1	6
ATCTCG	AGATCG	1	6
ATCTCT	AGAGAT	1	6
ATCTGA	AATCTG	0	6
ATCTGC	AGATGC	1	6
ATCTGG	AGATCC	1	6
ATCTGT	ACAGAT	1	6
ATCTTA	AAGATT	1	6
ATCTTC	AAGATG	1	6
ATCTTG	AAGATC	1	6
ATCTTT	AAAGAT	1	6
ATGAAA	AAAATG	0	6
ATGAAC	AACATG	0	6
ATGAAG	AAGATG	0	6
ATGAAT	AATATG	0	6
ATGACA	AATGAC	0	6
ATGACC	ACCATG	0	6
ATGACG	ACGATG	0	6
ATGACT	ACTATG	0	6
ATGAGA	AATGAG	0	6
ATGAGC	AGCATG	0	6
ATGAGG	AGGATG	0	6
ATGAGT	ACTCAT	1	6
ATGATA	AATGAT	0	6
ATGATC	ATCATG	0	6
ATGATT	AATCAT	1	6
ATGCAA	AAATGC	0	6
ATGCAC	ACATGC	0	6
ATGCAG	AGATGC	0	6
ATGCAT	ATATGC	0	6
ATGCCA	AATGCC	0	6
ATGCCC	ATGCCC	0	6
ATGCCG	ATCGGC	1	6
ATGCCT	AGGCAT	1	6
ATGCGA	AATGCG	0	6
ATGCGC	ATGCGC	0	6
ATGCGG	ATCCGC	1	6
ATGCGT	ACGCAT	1	6
ATGCTA	AATGCT	0	6
ATGCTC	AGCATG	1	6
ATGCTG	AGCATC	1	6
ATGCTT	AAGCAT	1	6
ATGGAA	AAATGG	0	6
ATGGAC	ACATGG	0	6
ATGGAG	AGATGG	0	6
ATGGAT	ATATCC	1	6
ATGGCA	AATGGC	0	6
ATGGCC	ATGGCC	0	6
ATGGCG	ATCGCC	1	6
ATGGCT	AGCCAT	1	6
ATGGGA	AATGGG	0	6
ATGGGC	ATGCCC	1	6
ATGGGG	ATCCCC	1	6
ATGGGT	ACCCAT	1	6
ATGGTA	AATGGT	0	6
ATGGTC	ACCATG	1	6
ATGGTG	ACCATC	1	6
ATGGTT	AACCAT	1	6
ATGTAA	AAATGT	0	6
ATGTAC	ACATGT	0	6
ATGTAG	ACATCT	1	6
ATGTAT	ACATAT	1	6
ATGTCA	AATGTC	0	6
ATGTCC	ACATGG	1	6
ATGTCG	ACATCG	1	6
ATGTCT	ACATAG	1	6
ATGTGA	AATGTG	0	6
ATGTGC	ACATGC	1	6
ATGTGG	ACATCC	1	6
ATGTGT	ACACAT	1	6
ATGTTA	AACATT	1	6
ATGTTC	AACATG	1	6
ATGTTG	AACATC	1	6
ATGTTT	AAACAT	1	6
ATTAAA	AAAATT	0	6
ATTAAC	AACATT	0	6
ATTAAG	AAGATT	0	6
ATTAAT	AATATT	0	6
ATTACA	AATTAC	0	6
ATTACC	AATGGT	1	6
ATTACG	AATCGT	1	6
ATTACT	AATAGT	1	6
ATTAGA	AATTAG	0	6
ATTAGC	AATGCT	1	6
ATTAGG	AATCCT	1	6
ATTAGT	AATACT	1	6
ATTATA	AATTAT	0	6
ATTATC	AATGAT	1	6
ATTATG	AATCAT	1	6
ATTCAA	AAATTC	0	6
ATTCAC	AATGTG	1	6
ATTCAG	AATCTG	1	6
ATTCAT	AATATG	1	6
ATTCCA	AATTCC	0	6
ATTCCC	AATGGG	1	6
ATTCCG	AATCGG	1	6
ATTCCT	AATAGG	1	6
ATTCGA	AATTCG	0	6
ATTCGC	AATGCG	1	6
ATTCGG	AATCCG	1	6
ATTCGT	AATACG	1	6
ATTCTA	AATTAG	1	6
ATTCTC	AATGAG	1	6
ATTCTG	AATCAG	1	6
ATTCTT	AAGAAT	1	6
ATTGAA	AAATTG	0	6
ATTGAC	AATGTC	1	6
ATTGAG	AATCTC	1	6
ATTGAT	AATATC	1	6
ATTGCA	AATTGC	0	6
ATTGCC	AATGGC	1	6
ATTGCG	AATCGC	1	6
ATTGCT	AATAGC	1	6
ATTGGA	AATTCC	1	6
ATTGGC	AATGCC	1	6
ATTGGG	AATCCC	1	6
ATTGGT	AATACC	1	6
ATTGTA	AATTAC	1	6
ATTGTC	AATGAC	1	6
ATTGTG	AATCAC	1	6
ATTGTT	AACAAT	1	6
ATTTAA	AAATTT	0	6
ATTTAC	AAATGT	1	6
ATTTAG	AAATCT	1	6
ATTTAT	AAATAT	1	6
ATTTCA	AAATTG	1	6
ATTTCC	AAATGG	1	6
ATTTCG	AAATCG	1	6
ATTTCT	AAATAG	1	6
ATTTGA	AAATTC	1	6
ATTTGC	AAATGC	1	6
ATTTGG	AAATCC	1	6
ATTTGT	AAATAC	1	6
ATTTTA	AAAATT	1	6
ATTTTC	AAAATG	1	6
ATTTTG	AAAATC	1	6
ATTTTT	AAAAAT	1	6
CAAAAA	AAAAAC	0	6
CAAAAC	AAAACC	0	6
CAAAAG	AAAAGC	0	6
CAAAAT	AAAATC	0	6
CAAACA	AAACAC	0	6
CAAACC	AAACCC	0	6
CAAACG	AAACGC	0	6
CAAACT	AAACTC	0	6
CAAAGA	AAAGAC	0	6
CAAAGC	AAAGCC	0	6
CAAAGG	AAAGGC	0	6
CAAAGT	AAAGTC	0	6
CAAATA	AAATAC	0	6
CAAATC	AAATCC	0	6
CAAATG	AAATGC	0	6
CAAATT	AAATTC	0	6
CAACAC	AACACC	0	6
CAACAG	AACAGC	0	6
CAACAT	AACATC	0	6
CAACCA	AACCAC	0	6
CAACCC	AACCCC	0	6
CAACCG	AACCGC	0	6
CAACCT	AACCTC	0	6
CAACGA	AACGAC	0	6
CAACGC	AACGCC	0	6
CAACGG	AACGGC	0	6
CAACGT	AACGTC	0	6
CAACTA	AACTAC	0	6
CAACTC	AACTCC	0	6
CAACTG	AACTGC	0	6
CAACTT	AACTTC	0	6
CAAGAA	AACAAG	0	6
CAAGAC	AAGACC	0	6
CAAGAG	AAGAGC	0	6
CAAGAT	AAGATC	0	6
CAAGCA	AAGCAC	0	6
CAAGCC	AAGCCC	0	6
CAAGCG	AAGCGC	0	6
CAAGCT	AAGCTC	0	6
CAAGGA	AAGGAC	0	6
CAAGGC	AAGGCC	0	6
CAAGGG	AAGGGC	0	6
CAAGGT	AAGGTC	0	6
CAAGTA	AAGTAC	0	6
CAAGTC	AAGTCC	0	6
CAAGTG	AAGTGC	0	6
CAAGTT	AACTTG	1	6
CAATAA	AACAAT	0	6
CAATAC	AATACC	0	6
CAATAG	AATAGC	0	6
CAATAT	AATATC	0	6
CAATCA	AATCAC	0	6
CAATCC	AATCCC	0	6
CAATCG	AATCGC	0	6
CAATCT	AATCTC	0	6
CAATGA	AATGAC	0	6
CAATGC	AATGCC	0	6
CAATGG	AATGGC	0	6
CAATGT	AATGTC	0	6
CAATTA	AATTAC	0	6
CAATTC	AATTCC	0	6
CAATTG	AATTGC	0	6
CAATTT	AAATTG	1	6
CACAAA	AAACAC	0	6
CACAAC	AACCAC	0	6
CACAAG	AAGCAC	0	6
CACAAT	AATCAC	0	6
CACACC	ACACCC	0	6
CACACG	ACACGC	0	6
CACACT	ACACTC	0	6
CACAGA	ACACAG	0	6
CACAGC	ACAGCC	0	6
CACAGG	ACAGGC	0	6
CACAGT	ACAGTC	0	6
CACATA	ACACAT	0	6
CACATC	ACATCC	0	6
CACATG	ACATGC	0	6
CACATT	AATGTG	1	6
CACCAA	AACACC	0	6
CACCAG	ACCAGC	0	6
CACCAT	ACCATC	0	6
CACCCA	ACACCC	0	6
CACCCC	ACCCCC	0	6
CACCCG	ACCCGC	0	6
CACCCT	ACCCTC	0	6
CACCGA	ACACCG	0	6
CACCGC	ACCGCC	0	6
CACCGG	ACCGGC	0	6
CACCGT	ACCGTC	0	6
CACCTA	ACACCT	0	6
CACCTC	ACCTCC	0	6
CACCTG	ACCTGC	0	6
CACCTT	AAGGTG	1	6
CACGAA	AACACG	0	6
CACGAC	ACCACG	0	6
CACGAG	ACGAGC	0	6
CACGAT	ACGATC	0	6
CACGCA	ACACGC	0	6
CACGCC	ACGCCC	0	6
CACGCG	ACGCGC	0	6
CACGCT	ACGCTC	0	6
CACGGA	ACACGG	0	6
CACGGC	ACGGCC	0	6
CACGGG	ACGGGC	0	6
CACGGT	ACCGTG	1	6
CACGTA	ACACGT	0	6
CACGTC	ACGTCC	0	6
CACGTG	ACGTGC	0	6
CACGTT	AACGTG	1	6
CACTAA	AACACT	0	6
CACTAC	ACCACT	0	6
CACTAG	ACTAGC	0	6
CACTAT	ACTATC	0	6
CACTCA	ACACTC	0	6
CACTCC	ACTCCC	0	6
CACTCG	ACTCGC	0	6
CACTCT	ACTCTC	0	6
CACTGA	ACACTG	0	6
CACTGC	ACTGCC	0	6
CACTGG	ACTGGC	0	6
CACTGT	ACAGTG	1	6
CACTTA	AAGTGT	1	6
CACTTC	AAGTGG	1	6
CACTTG	AAGTGC	1	6
CACTTT	AAAGTG	1	6
CAGAAA	AAACAG	0	6
CAGAAC	AACCAG	0	6
CAGAAG	AAGCAG	0	6
CAGAAT	AATCAG	0	6
CAGACA	ACACAG	0	6
CAGACC	ACCCAG	0	6
CAGACG	ACGCAG	0	6
CAGACT	ACTCAG	0	6
CAGAGA	ACAGAG	0	6
CAGAGC	AGAGCC	0	6
CAGAGG	AGAGGC	0	6
CAGAGT	ACTCTG	1	6
CAGATA	ACAGAT	0	6
CAGATC	AGATCC	0	6
CAGATG	AGATGC	0	6
CAGATT	AATCTG	1	6
CAGCAA	AACAGC	0	6
CAGCAC	ACCAGC	0	6
CAGCAT	AGCATC	0	6
CAGCCA	ACAGCC	0	6
CAGCCC	AGCCCC	0	6
CAGCCG	AGCCGC	0	6
CAGCCT	AGCCTC	0	6
CAGCGA	ACAGCG	0	6
CAGCGC	AGCGCC	0	6
CAGCGG	AGCGGC	0	6
CAGCGT	ACGCTG	1	6
CAGCTA	ACAGCT	0	6
CAGCTC	AGCTCC	0	6
CAGCTG	AGCTGC	0	6
CAGCTT	AAGCTG	1	6
CAGGAA	AACAGG	0	6
CAGGAC	ACCAGG	0	6
CAGGAG	AGCAGG	0	6
CAGGAT	AGGATC	0	6
CAGGCA	ACAGGC	0	6
CAGGCC	AGGCCC	0	6
CAGGCG	AGGCGC	0	6
CAGGCT	AGCCTG	1	6
CAGGGA	ACAGGG	0	6
CAGGGC	AGGGCC	0	6
CAGGGG	AGGGGC	0	6
CAGGGT	ACCCTG	1	6
CAGGTA	ACAGGT	0	6
CAGGTC	ACCTGG	1	6
CAGGTG	ACCTGC	1	6
CAGGTT	AACCTG	1	6
CAGTAA	AACAGT	0	6
CAGTAC	ACCAGT	0	6
CAGTAG	ACTGCT	1	6
CAGTAT	ACTGAT	1	6
CAGTCA	ACAGTC	0	6
CAGTCC	ACTGGG	1	6
CAGTCG	ACTGCG	1	6
CAGTCT	ACTGAG	1	6
CAGTGA	ACAGTG	0	6
CAGTGC	ACTGGC	1	6
CAGTGG	ACTGCC	1	6
CAGTGT	ACACTG	1	6
CAGTTA	AACTGT	1	6
CAGTTC	AACTGG	1	6
CAGTTG	AACTGC	1	6
CAGTTT	AAACTG	1	6
CATAAA	AAACAT	0	6
CATAAC	AACCAT	0	6
CATAAG	AAGCAT	0	6
CATAAT	AATCAT	0	6
CATACA	ACACAT	0	6
CATACC	ACCCAT	0	6
CATACG	ACGCAT	0	6
CATACT	ACTCAT	0	6
CATAGA	ACATAG	0	6
CATAGC	AGCCAT	0	6
CATAGG	AGGCAT	0	6
CATAGT	ACTATG	1	6
CATATA	ACATAT	0	6
CATATC	ATATCC	0	6
CATATG	ATATGC	0	6
CATATT	AATATG	1	6
CATCAA	AACATC	0	6
CATCAC	ACCATC	0	6
CATCAG	AGCATC	0	6
CATCCA	ACATCC	0	6
CATCCC	ATCCCC	0	6
CATCCG	ATCCGC	0	6
CATCCT	AGGATG	1	6
CATCGA	ACATCG	0	6
CATCGC	ATCGCC	0	6
CATCGG	ATCGGC	0	6
CATCGT	ACGATG	1	6
CATCTA	ACATCT	0	6
CATCTC	AGATGG	1	6
CATCTG	AGATGC	1	6
CATCTT	AAGATG	1	6
CATGAA	AACATG	0	6
CATGAC	ACCATG	0	6
CATGAG	AGCATG	0	6
CATGAT	ATCATG	0	6
CATGCA	ACATGC	0	6
CATGCC	ATGCCC	0	6
CATGCG	ATGCGC	0	6
CATGCT	AGCATG	1	6
CATGGA	ACATGG	0	6
CATGGC	ATGGCC	0	6
CATGGG	ATGCCC	1	6
CATGGT	ACCATG	1	6
CATGTA	ACATGT	0	6
CATGTC	ACATGG	1	6
CATGTG	ACATGC	1	6
CATGTT	AACATG	1	6
CATTAA	AACATT	0	6
CATTAC	AATGGT	1	6
CATTAG	AATGCT	1	6
CATTAT	AATGAT	1	6
CATTCA	AATGTG	1	6
CATTCC	AATGGG	1	6
CATTCG	AATGCG	1	6
CATTCT	AATGAG	1	6
CATTGA	AATGTC	1	6
CATTGC	AATGGC	1	6
CATTGG	AATGCC	1	6
CATTGT	AATGAC	1	6
CATTTA	AAATGT	1	6
CATTTC	AAATGG	1	6
CATTTG	AAATGC	1	6
CATTTT	AAAATG	1	6
CCAAAA	AAAACC	0	6
CCAAAC	AAACCC	0	6
CCAAAG	AAAGCC	0	6
CCAAAT	AAATCC	0	6
CCAACA	AACACC	0	6
CCAACC	AACCCC	0	6
CCAACG	AACGCC	0	6
CCAACT	AACTCC	0	6
CCAAGA	AAGACC	0	6
CCAAGC	AAGCCC	0	6
CCAAGG	AAGGCC	0	6
CCAAGT	AAGTCC	0	6
CCAATA	AATACC	0	6
CCAATC	AATCCC	0	6
CCAATG	AATGCC	0	6
CCAATT	AATTCC	0	6
CCACAA	AACCAC	0	6
CCACAC	ACACCC	0	6
CCACAG	ACAGCC	0	6
CCACAT	ACATCC	0	6
CCACCC	ACCCCC	0	6
CCACCG	ACCGCC	0	6
CCACCT	ACCTCC	0	6
CCACGA	ACCACG	0	6
CCACGC	ACGCCC	0	6
CCACGG	ACGGCC	0	6
CCACGT	ACGTCC	0	6
CCACTA	ACCACT	0	6
CCACTC	ACTCCC	0	6
CCACTG	ACTGCC	0	6
CCACTT	AAGTGG	1	6
CCAGAA	AACCAG	0	6
CCAGAC	ACCCAG	0	6
CCAGAG	AGAGCC	0	6
CCAGAT	AGATCC	0	6
CCAGCA	ACCAGC	0	6
CCAGCC	AGCCCC	0	6
CCAGCG	AGCGCC	0	6
CCAGCT	AGCTCC	0	6
CCAGGA	ACCAGG	0	6
CCAGGC	AGGCCC	0	6
CCAGGG	AGGGCC	0	6
CCAGGT	ACCTGG	1	6
CCAGTA	ACCAGT	0	6
CCAGTC	ACTGGG	1	6
CCAGTG	ACTGGC	1	6
CCAGTT	AACTGG	1	6
CCATAA	AACCAT	0	6
CCATAC	ACCCAT	0	6
CCATAG	AGCCAT	0	6
CCATAT	ATATCC	0	6
CCATCA	ACCATC	0	6
CCATCC	ATCCCC	0	6
CCATCG	ATCGCC	0	6
CCATCT	AGATGG	1	6
CCATGA	ACCATG	0	6
CCATGC	ATGCCC	0	6
CCATGG	ATGGCC	0	6
CCATGT	ACATGG	1	6
CCATTA	AATGGT	1	6
CCATTC	AATGGG	1	6
CCATTG	AATGGC	1	6
CCATTT	AAATGG	1	6
CCCAAA	AAACCC	0	6
CCCAAC	AACCCC	0	6
CCCAAG	AAGCCC	0	6
CCCAAT	AATCCC	0	6
CCCACA	ACACCC	0	6
CCCACC	ACCCCC	0	6
CCCACG	ACGCCC	0	6
CCCACT	ACTCCC	0	6
CCCAGA	ACCCAG	0	6
CCCAGC	AGCCCC	0	6
CCCAGG	AGGCCC	0	6
CCCAGT	ACTGGG	1	6
CCCATA	ACCCAT	0	6
CCCATC	ATCCCC	0	6
CCCATG	ATGCCC	0	6
CCCATT	AATGGG	1	6
CCCCAA	AACCCC	0	6
CCCCAC	ACCCCC	0	6
CCCCAG	AGCCCC	0	6
CCCCAT	ATCCCC	0	6
CCCCCA	ACCCCC	0	6
CCCCCG	CCCCCG	0	6
CCCCCT	AGGGGG	1	6
CCCCGA	ACCCCG	0	6
CCCCGC	CCCCCG	0	6
CCCCGG	CCCCGG	0	6
CCCCGT	ACGGGG	1	6
CCCCTA	ACCCCT	0	6
CCCCTC	AGGGGG	1	6
CCCCTG	AGGGGC	1	6
CCCCTT	AAGGGG	1	6
CCCGAA	AACCCG	0	6
CCCGAC	ACCCCG	0	6
CCCGAG	AGCCCG	0	6
CCCGAT	ATCCCG	0	6
CCCGCA	ACCCGC	0	6
CCCGCC	CCCCCG	0	6
CCCGCG	CCCGCG	0	6
CCCGCT	AGCGGG	1	6
CCCGGA	ACCCGG	0	6
CCCGGC	CCCCGG	0	6
CCCGGG	CCCGGG	0	6
CCCGGT	ACCGGG	1	6
CCCGTA	ACCCGT	0	6
CCCGTC	ACGGGG	1	6
CCCGTG	ACGGGC	1	6
CCCGTT	AACGGG	1	6
CCCTAA	AACCCT	0	6
CCCTAC	ACCCCT	0	6
CCCTAG	AGCCCT	0	6
CCCTAT	AGGGAT	1	6
CCCTCA	ACCCTC	0	6
CCCTCC	AGGGGG	1	6
CCCTCG	AGGGCG	1	6
CCCTCT	AGAGGG	1	6
CCCTGA	ACCCTG	0	6
CCCTGC	AGGGGC	1	6
CCCTGG	AGGGCC	1	6
CCCTGT	ACAGGG	1	6
CCCTTA	AAGGGT	1	6
CCCTTC	AAGGGG	1	6
CCCTTG	AAGGGC	1	6
CCCTTT	AAAGGG	1	6
CCGAAA	AAACCG	0	6
CCGAAC	AACCCG	0	6
CCGAAG	AAGCCG	0	6
CCGAAT	AATCCG	0	6
CCGACA	ACACCG	0	6
CCGACC	ACCCCG	0	6
CCGACG	ACGCCG	0	6
CCGACT	ACTCCG	0	6
CCGAGA	ACCGAG	0	6
CCGAGC	AGCCCG	0	6
CCGAGG	AGGCCG	0	6
CCGAGT	ACTCGG	1	6
CCGATA	ACCGAT	0	6
CCGATC	ATCCCG	0	6
CCGATG	ATCGGC	1	6
CCGATT	AATCGG	1	6
CCGCAA	AACCGC	0	6
CCGCAC	ACCCGC	0	6
CCGCAG	AGCCGC	0	6
CCGCAT	ATCCGC	0	6
CCGCCA	ACCGCC	0	6
CCGCCC	CCCCCG	0	6
CCGCCT	AGGCGG	1	6
CCGCGA	ACCGCG	0	6
CCGCGC	CCCGCG	0	6
CCGCGG	CCGCGG	0	6
CCGCGT	ACGCGG	1	6
CCGCTA	ACCGCT	0	6
CCGCTC	AGCGGG	1	6
CCGCTG	AGCGGC	1	6
CCGCTT	AAGCGG	1	6
CCGGAA	AACCGG	0	6
CCGGAC	ACCCGG	0	6
CCGGAG	AGCCGG	0	6
CCGGAT	ATCCGG	0	6
CCGGCA	ACCGGC	0	6
CCGGCC	CCCCGG	0	6
CCGGCG	CCGGCG	0	6
CCGGCT	AGCCGG	1	6
CCGGGA	ACCGGG	0	6
CCGGGC	CCCGGG	0	6
CCGGGG	CCCCGG	1	6
CCGGGT	ACCCGG	1	6
CCGGTA	ACCGGT	0	6
CCGGTC	ACCGGG	1	6
CCGGTG	ACCGGC	1	6
CCGGTT	AACCGG	1	6
CCGTAA	AACCGT	0	6
CCGTAC	ACCCGT	0	6
CCGTAG	ACGGCT	1	6
CCGTAT	ACGGAT	1	6
CCGTCA	ACCGTC	0	6
CCGTCC	ACGGGG	1	6
CCGTCG	ACGGCG	1	6
CCGTCT	ACGGAG	1	6
CCGTGA	ACCGTG	0	6
CCGTGC	ACGGGC	1	6
CCGTGG	ACGGCC	1	6
CCGTGT	ACACGG	1	6
CCGTTA	AACGGT	1	6
CCGTTC	AACGGG	1	6
CCGTTG	AACGGC	1	6
CCGTTT	AAACGG	1	6
CCTAAA	AAACCT	0	6
CCTAAC	AACCCT	0	6
CCTAAG	AAGCCT	0	6
CCTAAT	AATCCT	0	6
CCTACA	ACACCT	0	6
CCTACC	ACCCCT	0	6
CCTACG	ACGCCT	0	6
CCTACT	ACTCCT	0	6
CCTAGA	ACCTAG	0	6
CCTAGC	AGCCCT	0	6
CCTAGG	AGGCCT	0	6
CCTAGT	ACTAGG	1	6
CCTATA	ACCTAT	0	6
CCTATC	AGGGAT	1	6
CCTATG	AGGCAT	1	6
CCTATT	AATAGG	1	6
CCTCAA	AACCTC	0	6
CCTCAC	ACCCTC	0	6
CCTCAG	AGCCTC	0	6
CCTCAT	AGGATG	1	6
CCTCCA	ACCTCC	0	6
CCTCCC	AGGGGG	1	6
CCTCCG	AGGCGG	1	6
CCTCGA	ACCTCG	0	6
CCTCGC	AGGGCG	1	6
CCTCGG	AGGCCG	1	6
CCTCGT	ACGAGG	1	6
CCTCTA	ACCTCT	0	6
CCTCTC	AGAGGG	1	6
CCTCTG	AGAGGC	1	6
CCTCTT	AAGAGG	1	6
CCTGAA	AACCTG	0	6
CCTGAC	ACCCTG	0	6
CCTGAG	AGCCTG	0	6
CCTGAT	AGGATC	1	6
CCTGCA	ACCTGC	0	6
CCTGCC	AGGGGC	1	6
CCTGCG	AGGCGC	1	6
CCTGCT	AGCAGG	1	6
CCTGGA	ACCTGG	0	6
CCTGGC	AGGGCC	1	6
CCTGGG	AGGCCC	1	6
CCTGGT	ACCAGG	1	6
CCTGTA	ACAGGT	1	6
CCTGTC	ACAGGG	1	6
CCTGTG	ACAGGC	1	6
CCTGTT	AACAGG	1	6
CCTTAA	AACCTT	0	6
CCTTAC	AAGGGT	1	6
CCTTAG	AAGGCT	1	6
CCTTAT	AAGGAT	1	6
CCTTCA	AAGGTG	1	6
CCTTCC	AAGGGG	1	6
CCTTCG	AAGGCG	1	6
CCTTCT	AAGGAG	1	6
CCTTGA	AAGGTC	1	6
CCTTGC	AAGGGC	1	6
CCTTGG	AAGGCC	1	6
CCTTGT	AAGGAC	1	6
CCTTTA	AAAGGT	1	6
CCTTTC	AAAGGG	1	6
CCTTTG	AAAGGC	1	6
CCTTTT	AAAAGG	1	6
CGAAAA	AAAACG	0	6
CGAAAC	AAACCG	0	6
CGAAAG	AAAGCG	0	6
CGAAAT	AAATCG	0	6
CGAACA	AACACG	0	6
CGAACC	AACCCG	0	6
CGAACG	AACGCG	0	6
CGAACT	AACTCG	0	6
CGAAGA	AAGACG	0	6
CGAAGC	AAGCCG	0	6
CGAAGG	AAGGCG	0	6
CGAAGT	AAGTCG	0	6
CGAATA	AATACG	0	6
CGAATC	AATCCG	0	6
CGAATG	AATGCG	0	6
CGAATT	AATTCG	0	6
CGACAA	AACGAC	0	6
CGACAC	ACACCG	0	6
CGACAG	ACAGCG	0	6
CGACAT	ACATCG	0	6
CGACCA	ACCACG	0	6
CGACCC	ACCCCG	0	6
CGACCG	ACCGCG	0	6
CGACCT	ACCTCG	0	6
CGACGC	ACGCCG	0	6
CGACGG	ACGGCG	0	6
CGACGT	ACGTCG	0	6
CGACTA	ACGACT	0	6
CGACTC	ACTCCG	0	6
CGACTG	ACTGCG	0	6
CGACTT	AAGTCG	1	6
CGAGAA	AACGAG	0	6
CGAGAC	ACCGAG	0	6
CGAGAG	AGAGCG	0	6
CGAGAT	AGATCG	0	6
CGAGCA	ACGAGC	0	6
CGAGCC	AGCCCG	0	6
CGAGCG	AGCGCG	0	6
CGAGCT	AGCTCG	0	6
CGAGGA	ACGAGG	0	6
CGAGGC	AGGCCG	0	6
CGAGGG	AGGGCG	0	6
CGAGGT	ACCTCG	1	6
CGAGTA	ACGAGT	0	6
CGAGTC	ACTCGG	1	6
CGAGTG	ACTCGC	1	6
CGAGTT	AACTCG	1	6
CGATAA	AACGAT	0	6
CGATAC	ACCGAT	0	6
CGATAG	AGCGAT	0	6
CGATAT	ATATCG	0	6
CGATCA	ACGATC	0	6
CGATCC	ATCCCG	0	6
CGATCG	ATCGCG	0	6
CGATCT	AGATCG	1	6
CGATGA	ACGATG	0	6
CGATGC	ATCGGC	1	6
CGATGG	ATCGCC	1	6
CGATGT	ACATCG	1	6
CGATTA	AATCGT	1	6
CGATTC	AATCGG	1	6
CGATTG	AATCGC	1	6
CGATTT	AAATCG	1	6
CGCAAA	AAACGC	0	6
CGCAAC	AACCGC	0	6
CGCAAG	AAGCGC	0	6
CGCAAT	AATCGC	0	6
CGCACA	ACACGC	0	6
CGCACC	ACCCGC	0	6
CGCACG	ACGCGC	0	6
CGCACT	ACTCGC	0	6
CGCAGA	ACGCAG	0	6
CGCAGC	AGCCGC	0	6
CGCAGG	AGGCGC	0	6
CGCAGT	ACTGCG	1	6
CGCATA	ACGCAT	0	6
CGCATC	ATCCGC	0	6
CGCATG	ATGCGC	0	6
CGCATT	AATGCG	1	6
CGCCAA	AACGCC	0	6
CGCCAC	ACCGCC	0	6
CGCCAG	AGCGCC	0	6
CGCCAT	ATCGCC	0	6
CGCCCA	ACGCCC	0	6
CGCCCC	CCCCCG	0	6
CGCCCG	CCCGCG	0	6
CGCCCT	AGGGCG	1	6
CGCCGA	ACGCCG	0	6
CGCCGG	CCGGCG	0	6
CGCCGT	ACGGCG	1	6
CGCCTA	ACGCCT	0	6
CGCCTC	AGGCGG	1	6
CGCCTG	AGGCGC	1	6
CGCCTT	AAGGCG	1	6
CGCGAA	AACGCG	0	6
CGCGAC	ACCGCG	0	6
CGCGAG	AGCGCG	0	6
CGCGAT	ATCGCG	0	6
CGCGCA	ACGCGC	0	6
CGCGCC	CCCGCG	0	6
CGCGCT	AGCGCG	1	6
CGCGGA	ACGCGG	0	6
CGCGGC	CCGCGG	0	6
CGCGGG	CCCGCG	1	6
CGCGGT	ACCGCG	1	6
CGCGTA	ACGCGT	0	6
CGCGTC	ACGCGG	1	6
CGCGTG	ACGCGC	1	6
CGCGTT	AACGCG	1	6
CGCTAA	AACGCT	0	6
CGCTAC	ACCGCT	0	6
CGCTAG	AGCGCT	0	6
CGCTAT	AGCGAT	1	6
CGCTCA	ACGCTC	0	6
CGCTCC	AGCGGG	1	6
CGCTCG	AGCGCG	1	6
CGCTCT	AGAGCG	1	6
CGCTGA	ACGCTG	0	6
CGCTGC	AGCGGC	1	6
CGCTGG	AGCGCC	1	6
CGCTGT	ACAGCG	1	6
CGCTTA	AAGCGT	1	6
CGCTTC	AAGCGG	1	6
CGCTTG	AAGCGC	1	6
CGCTTT	AAAGCG	1	6
CGGAAA	AAACGG	0	6
CGGAAC	AACCGG	0	6
CGGAAG	AAGCGG	0	6
CGGAAT	AATCGG	0	6
CGGACA	ACACGG	0	6
CGGACC	ACCCGG	0	6
CGGACG	ACGCGG	0	6
CGGACT	ACTCGG	0	6
CGGAGA	ACGGAG	0	6
CGGAGC	AGCCGG	0	6
CGGAGG	AGGCGG	0	6
CGGAGT	ACTCCG	1	6
CGGATA	ACGGAT	0	6
CGGATC	ATCCGG	0	6
CGGATG	ATCCGC	1	6
CGGATT	AATCCG	1	6
CGGCAA	AACGGC	0	6
CGGCAC	ACCGGC	0	6
CGGCAG	AGCGGC	0	6
CGGCAT	ATCGGC	0	6
CGGCCA	ACGGCC	0	6
CGGCCC	CCCCGG	0	6
CGGCCG	CCGCGG	0	6
CGGCCT	AGGCCG	1	6
CGGCGA	ACGGCG	0	6
CGGCGC	CCGGCG	0	6
CGGCGT	ACGCCG	1	6
CGGCTA	ACGGCT	0	6
CGGCTC	AGCCGG	1	6
CGGCTG	AGCCGC	1	6
CGGCTT	AAGCCG	1	6
CGGGAA	AACGGG	0	6
CGGGAC	ACCGGG	0	6
CGGGAG	AGCGGG	0	6
CGGGAT	ATCCCG	1	6
CGGGCA	ACGGGC	0	6
CGGGCC	CCCGGG	0	6
CGGGCG	CCCGCG	1	6
CGGGCT	AGCCCG	1	6
CGGGGA	ACGGGG	0	6
CGGGGC	CCCCGG	1	6
CGGGGG	CCCCCG	1	6
CGGGGT	ACCCCG	1	6
CGGGTA	ACCCGT	1	6
CGGGTC	ACCCGG	1	6
CGGGTG	ACCCGC	1	6
CGGGTT	AACCCG	1	6
CGGTAA	AACGGT	0	6
CGGTAC	ACCGGT	0	6
CGGTAG	ACCGCT	1	6
CGGTAT	ACCGAT	1	6
CGGTCA	ACCGTG	1	6
CGGTCC	ACCGGG	1	6
CGGTCG	ACCGCG	1	6
CGGTCT	ACCGAG	1	6
CGGTGA	ACCGTC	1	6
CGGTGC	ACCGGC	1	6
CGGTGG	ACCGCC	1	6
CGGTGT	ACACCG	1	6
CGGTTA	AACCGT	1	6
CGGTTC	AACCGG	1	6
CGGTTG	AACCGC	1	6
CGGTTT	AAACCG	1	6
CGTAAA	AAACGT	0	6
CGTAAC	AACCGT	0	6
CGTAAG	AAGCGT	0	6
CGTAAT	AATCGT	0	6
CGTACA	ACACGT	0	6
CGTACC	ACCCGT	0	6
CGTACG	ACGCGT	0	6
CGTACT	ACGAGT	1	6
CGTAGA	ACGTAG	0	6
CGTAGC	ACGGCT	1	6
CGTAGG	ACGCCT	1	6
CGTAGT	ACGACT	1	6
CGTATA	ACGTAT	0	6
CGTATC	ACGGAT	1	6
CGTATG	ACGCAT	1	6
CGTATT	AATACG	1	6
CGTCAA	AACGTC	0	6
CGTCAC	ACCGTC	0	6
CGTCAG	ACGCTG	1	6
CGTCAT	ACGATG	1	6
CGTCCA	ACGTCC	0	6
CGTCCC	ACGGGG	1	6
CGTCCG	ACGCGG	1	6
CGTCCT	ACGAGG	1	6
CGTCGA	ACGTCG	0	6
CGTCGC	ACGGCG	1	6
CGTCGG	ACGCCG	1	6
CGTCTA	ACGTAG	1	6
CGTCTC	ACGGAG	1	6
CGTCTG	ACGCAG	1	6
CGTCTT	AAGACG	1	6
CGTGAA	AACGTG	0	6
CGTGAC	ACCGTG	0	6
CGTGAG	ACGCTC	1	6
CGTGAT	ACGATC	1	6
CGTGCA	ACGTGC	0	6
CGTGCC	ACGGGC	1	6
CGTGCG	ACGCGC	1	6
CGTGCT	ACGAGC	1	6
CGTGGA	ACGTCC	1	6
CGTGGC	ACGGCC	1	6
CGTGGG	ACGCCC	1	6
CGTGGT	ACCACG	1	6
CGTGTA	ACACGT	1	6
CGTGTC	ACACGG	1	6
CGTGTG	ACACGC	1	6
CGTGTT	AACACG	1	6
CGTTAA	AACGTT	0	6
CGTTAC	AACGGT	1	6
CGTTAG	AACGCT	1	6
CGTTAT	AACGAT	1	6
CGTTCA	AACGTG	1	6
CGTTCC	AACGGG	1	6
CGTTCG	AACGCG	1	6
CGTTCT	AACGAG	1	6
CGTTGA	AACGTC	1	6
CGTTGC	AACGGC	1	6
CGTTGG	AACGCC	1	6
CGTTGT	AACGAC	1	6
CGTTTA	AAACGT	1	6
CGTTTC	AAACGG	1	6
CGTTTG	AAACGC	1	6
CGTTTT	AAAACG	1	6
CTAAAA	AAAACT	0	6
CTAAAC	AAACCT	0	6
CTAAAG	AAAGCT	0	6
CTAAAT	AAATCT	0	6
CTAACA	AACACT	0	6
CTAACC	AACCCT	0	6
CTAACG	AACGCT	0	6
CTAACT	AACTCT	0	6
CTAAGA	AAGACT	0	6
CTAAGC	AAGCCT	0	6
CTAAGG	AAGGCT	0	6
CTAAGT	AAGTCT	0	6
CTAATA	AATACT	0	6
CTAATC	AATCCT	0	6
CTAATG	AATGCT	0	6
CTAATT	AATTAG	1	6
CTACAA	AACTAC	0	6
CTACAC	ACACCT	0	6
CTACAG	ACAGCT	0	6
CTACAT	ACATCT	0	6
CTACCA	ACCACT	0	6
CTACCC	ACCCCT	0	6
CTACCG	ACCGCT	0	6
CTACCT	ACCTCT	0	6
CTACGA	ACGACT	0	6
CTACGC	ACGCCT	0	6
CTACGG	ACGGCT	0	6
CTACGT	ACGTAG	1	6
CTACTC	ACTCCT	0	6
CTACTG	ACTGCT	0	6
CTACTT	AAGTAG	1	6
CTAGAA	AACTAG	0	6
CTAGAC	ACCTAG	0	6
CTAGAG	AGAGCT	0	6
CTAGAT	AGATCT	0	6
CTAGCA	ACTAGC	0	6
CTAGCC	AGCCCT	0	6
CTAGCG	AGCGCT	0	6
CTAGCT	AGAGCT	1	6
CTAGGA	ACTAGG	0	6
CTAGGC	AGGCCT	0	6
CTAGGG	AGCCCT	1	6
CTAGGT	ACCTAG	1	6
CTAGTA	ACTAGT	0	6
CTAGTC	ACTAGG	1	6
CTAGTG	ACTAGC	1	6
CTAGTT	AACTAG	1	6
CTATAA	AACTAT	0	6
CTATAC	ACCTAT	0	6
CTATAG	AGCTAT	0	6
CTATAT	AGATAT	1	6
CTATCA	ACTATC	0	6
CTATCC	AGGGAT	1	6
CTATCG	AGCGAT	1	6
CTATCT	AGAGAT	1	6
CTATGA	ACTATG	0	6
CTATGC	AGGCAT	1	6
CTATGG	AGCCAT	1	6
CTATGT	ACATAG	1	6
CTATTA	AATAGT	1	6
CTATTC	AATAGG	1	6
CTATTG	AATAGC	1	6
CTATTT	AAATAG	1	6
CTCAAA	AAACTC	0	6
CTCAAC	AACCTC	0	6
CTCAAG	AAGCTC	0	6
CTCAAT	AATCTC	0	6
CTCACA	ACACTC	0	6
CTCACC	ACCCTC	0	6
CTCACG	ACGCTC	0	6
CTCACT	ACTCTC	0	6
CTCAGA	ACTCAG	0	6
CTCAGC	AGCCTC	0	6
CTCAGG	AGCCTG	1	6
CTCAGT	ACTGAG	1	6
CTCATA	ACTCAT	0	6
CTCATC	AGGATG	1	6
CTCATG	AGCATG	1	6
CTCATT	AATGAG	1	6
CTCCAA	AACTCC	0	6
CTCCAC	ACCTCC	0	6
CTCCAG	AGCTCC	0	6
CTCCAT	AGATGG	1	6
CTCCCA	ACTCCC	0	6
CTCCCC	AGGGGG	1	6
CTCCCG	AGCGGG	1	6
CTCCCT	AGAGGG	1	6
CTCCGA	ACTCCG	0	6
CTCCGC	AGGCGG	1	6
CTCCGG	AGCCGG	1	6
CTCCGT	ACGGAG	1	6
CTCCTA	ACTCCT	0	6
CTCCTG	AGCAGG	1	6
CTCCTT	AAGGAG	1	6
CTCGAA	AACTCG	0	6
CTCGAC	ACCTCG	0	6
CTCGAG	AGCTCG	0	6
CTCGAT	AGATCG	1	6
CTCGCA	ACTCGC	0	6
CTCGCC	AGGGCG	1	6
CTCGCG	AGCGCG	1	6
CTCGCT	AGAGCG	1	6
CTCGGA	ACTCGG	0	6
CTCGGC	AGGCCG	1	6
CTCGGG	AGCCCG	1	6
CTCGGT	ACCGAG	1	6
CTCGTA	ACGAGT	1	6
CTCGTC	ACGAGG	1	6
CTCGTG	ACGAGC	1	6
CTCGTT	AACGAG	1	6
CTCTAA	AACTCT	0	6
CTCTAC	ACCTCT	0	6
CTCTAG	AGAGCT	1	6
CTCTAT	AGAGAT	1	6
CTCTCA	ACTCTC	0	6
CTCTCC	AGAGGG	1	6
CTCTCG	AGAGCG	1	6
CTCTGA	ACTCTG	0	6
CTCTGC	AGAGGC	1	6
CTCTGG	AGAGCC	1	6
CTCTGT	ACAGAG	1	6
CTCTTA	AAGAGT	1	6
CTCTTC	AAGAGG	1	6
CTCTTG	AAGAGC	1	6
CTCTTT	AAAGAG	1	6
CTGAAA	AAACTG	0	6
CTGAAC	AACCTG	0	6
CTGAAG	AAGCTG	0	6
CTGAAT	AATCTG	0	6
CTGACA	ACACTG	0	6
CTGACC	ACCCTG	0	6
CTGACG	ACGCTG	0	6
CTGACT	ACTCTG	0	6
CTGAGA	ACTGAG	0	6
CTGAGC	AGCCTG	0	6
CTGAGG	AGCCTC	1	6
CTGAGT	ACTCAG	1	6
CTGATA	ACTGAT	0	6
CTGATC	AGGATC	1	6
CTGATG	AGCATC	1	6
CTGATT	AATCAG	1	6
CTGCAA	AACTGC	0	6
CTGCAC	ACCTGC	0	6
CTGCAG	AGCTGC	0	6
CTGCAT	AGATGC	1	6
CTGCCA	ACTGCC	0	6
CTGCCC	AGGGGC	1	6
CTGCCG	AGCGGC	1	6
CTGCCT	AGAGGC	1	6
CTGCGA	ACTGCG	0	6
CTGCGC	AGGCGC	1	6
CTGCGG	AGCCGC	1	6
CTGCGT	ACGCAG	1	6
CTGCTA	ACTGCT	0	6
CTGCTC	AGCAGG	1	6
CTGCTT	AAGCAG	1	6
CTGGAA	AACTGG	0	6
CTGGAC	ACCTGG	0	6
CTGGAG	AGCTCC	1	6
CTGGAT	AGATCC	1	6
CTGGCA	ACTGGC	0	6
CTGGCC	AGGGCC	1	6
CTGGCG	AGCGCC	1	6
CTGGCT	AGAGCC	1	6
CTGGGA	ACTGGG	0	6
CTGGGC	AGGCCC	1	6
CTGGGG	AGCCCC	1	6
CTGGGT	ACCCAG	1	6
CTGGTA	ACCAGT	1	6
CTGGTC	ACCAGG	1	6
CTGGTG	ACCAGC	1	6
CTGGTT	AACCAG	1	6
CTGTAA	AACTGT	0	6
CTGTAC	ACAGGT	1	6
CTGTAG	ACAGCT	1	6
CTGTAT	ACAGAT	1	6
CTGTCA	ACAGTG	1	6
CTGTCC	ACAGGG	1	6
CTGTCG	ACAGCG	1	6
CTGTCT	ACAGAG	1	6
CTGTGA	ACAGTC	1	6
CTGTGC	ACAGGC	1	6
CTGTGG	ACAGCC	1	6
CTGTGT	ACACAG	1	6
CTGTTA	AACAGT	1	6
CTGTTC	AACAGG	1	6
CTGTTG	AACAGC	1	6
CTGTTT	AAACAG	1	6
CTTAAA	AAACTT	0	6
CTTAAC	AACCTT	0	6
CTTAAG	AAGCTT	0	6
CTTAAT	AAGATT	1	6
CTTACA	AAGTGT	1	6
CTTACC	AAGGGT	1	6
CTTACG	AAGCGT	1	6
CTTACT	AAGAGT	1	6
CTTAGA	AAGTCT	1	6
CTTAGC	AAGGCT	1	6
CTTAGG	AAGCCT	1	6
CTTAGT	AAGACT	1	6
CTTATA	AAGTAT	1	6
CTTATC	AAGGAT	1	6
CTTATG	AAGCAT	1	6
CTTATT	AAGAAT	1	6
CTTCAA	AACTTC	0	6
CTTCAC	AAGGTG	1	6
CTTCAG	AAGCTG	1	6
CTTCAT	AAGATG	1	6
CTTCCA	AAGTGG	1	6
CTTCCC	AAGGGG	1	6
CTTCCG	AAGCGG	1	6
CTTCCT	AAGAGG	1	6
CTTCGA	AAGTCG	1	6
CTTCGC	AAGGCG	1	6
CTTCGG	AAGCCG	1	6
CTTCGT	AAGACG	1	6
CTTCTA	AAGTAG	1	6
CTTCTC	AAGGAG	1	6
CTTCTG	AAGCAG	1	6
CTTGAA	AACTTG	0	6
CTTGAC	AAGGTC	1	6
CTTGAG	AAGCTC	1	6
CTTGAT	AAGATC	1	6
CTTGCA	AAGTGC	1	6
CTTGCC	AAGGGC	1	6
CTTGCG	AAGCGC	1	6
CTTGCT	AAGAGC	1	6
CTTGGA	AAGTCC	1	6
CTTGGC	AAGGCC	1	6
CTTGGG	AAGCCC	1	6
CTTGGT	AAGACC	1	6
CTTGTA	AAGTAC	1	6
CTTGTC	AAGGAC	1	6
CTTGTG	AAGCAC	1	6
CTTGTT	AACAAG	1	6
CTTTAA	AAAGTT	1	6
CTTTAC	AAAGGT	1	6
CTTTAG	AAAGCT	1	6
CTTTAT	AAAGAT	1	6
CTTTCA	AAAGTG	1	6
CTTTCC	AAAGGG	1	6
CTTTCG	AAAGCG	1	6
CTTTCT	AAAGAG	1	6
CTTTGA	AAAGTC	1	6
CTTTGC	AAAGGC	1	6
CTTTGG	AAAGCC	1	6
CTTTGT	AAAGAC	1	6
CTTTTA	AAAAGT	1	6
CTTTTC	AAAAGG	1	6
CTTTTG	AAAAGC	1	6
CTTTTT	AAAAAG	1	6
GAAAAA	AAAAAG	0	6
GAAAAC	AAAACG	0	6
GAAAAG	AAAAGG	0	6
GAAAAT	AAAATG	0	6
GAAACA	AAACAG	0	6
GAAACC	AAACCG	0	6
GAAACG	AAACGG	0	6
GAAACT	AAACTG	0	6
GAAAGA	AAAGAG	0	6
GAAAGC	AAAGCG	0	6
GAAAGG	AAAGGG	0	6
GAAAGT	AAAGTG	0	6
GAAATA	AAATAG	0	6
GAAATC	AAATCG	0	6
GAAATG	AAATGG	0	6
GAAATT	AAATTG	0	6
GAACAA	AACAAG	0	6
GAACAC	AACACG	0	6
GAACAG	AACAGG	0	6
GAACAT	AACATG	0	6
GAACCA	AACCAG	0	6
GAACCC	AACCCG	0	6
GAACCG	AACCGG	0	6
GAACCT	AACCTG	0	6
GAACGA	AACGAG	0	6
GAACGC	AACGCG	0	6
GAACGG	AACGGG	0	6
GAACGT	AACGTG	0	6
GAACTA	AACTAG	0	6
GAACTC	AACTCG	0	6
GAACTG	AACTGG	0	6
GAACTT	AACTTG	0	6
GAAGAC	AAGACG	0	6
GAAGAG	AAGAGG	0	6
GAAGAT	AAGATG	0	6
GAAGCA	AAGCAG	0	6
GAAGCC	AAGCCG	0	6
GAAGCG	AAGCGG	0	6
GAAGCT	AAGCTG	0	6
GAAGGA	AAGGAG	0	6
GAAGGC	AAGGCG	0	6
GAAGGG	AAGGGG	0	6
GAAGGT	AAGGTG	0	6
GAAGTA	AAGTAG	0	6
GAAGTC	AAGTCG	0	6
GAAGTG	AAGTGG	0	6
GAAGTT	AACTTC	1	6
GAATAA	AAGAAT	0	6
GAATAC	AATACG	0	6
GAATAG	AATAGG	0	6
GAATAT	AATATG	0	6
GAATCA	AATCAG	0	6
GAATCC	AATCCG	0	6
GAATCG	AATCGG	0	6
GAATCT	AATCTG	0	6
GAATGA	AATGAG	0	6
GAATGC	AATGCG	0	6
GAATGG	AATGGG	0	6
GAATGT	AATGTG	0	6
GAATTA	AATTAG	0	6
GAATTC	AATTCG	0	6
GAATTG	AATTCC	1	6
GAATTT	AAATTC	1	6
GACAAA	AAAGAC	0	6
GACAAC	AACGAC	0	6
GACAAG	AAGGAC	0	6
GACAAT	AATGAC	0	6
GACACA	ACACAG	0	6
GACACC	ACACCG	0	6
GACACG	ACACGG	0	6
GACACT	ACACTG	0	6
GACAGA	ACAGAG	0	6
GACAGC	ACAGCG	0	6
GACAGG	ACAGGG	0	6
GACAGT	ACAGTG	0	6
GACATA	ACATAG	0	6
GACATC	ACATCG	0	6
GACATG	ACATGG	0	6
GACATT	AATGTC	1	6
GACCAA	AAGACC	0	6
GACCAC	ACCACG	0	6
GACCAG	ACCAGG	0	6
GACCAT	ACCATG	0	6
GACCCA	ACCCAG	0	6
GACCCC	ACCCCG	0	6
GACCCG	ACCCGG	0	6
GACCCT	ACCCTG	0	6
GACCGA	ACCGAG	0	6
GACCGC	ACCGCG	0	6
GACCGG	ACCGGG	0	6
GACCGT	ACCGTG	0	6
GACCTA	ACCTAG	0	6
GACCTC	ACCTCG	0	6
GACCTG	ACCTGG	0	6
GACCTT	AAGGTC	1	6
GACGAA	AAGACG	0	6
GACGAG	ACGAGG	0	6
GACGAT	ACGATG	0	6
GACGCA	ACGCAG	0	6
GACGCC	ACGCCG	0	6
GACGCG	ACGCGG	0	6
GACGCT	ACGCTG	0	6
GACGGA	ACGGAG	0	6
GACGGC	ACGGCG	0	6
GACGGG	ACGGGG	0	6
GACGGT	ACCGTC	1	6
GACGTA	ACGTAG	0	6
GACGTC	ACGTCG	0	6
GACGTG	ACGTCC	1	6
GACGTT	AACGTC	1	6
GACTAA	AAGACT	0	6
GACTAC	ACGACT	0	6
GACTAG	ACTAGG	0	6
GACTAT	ACTATG	0	6
GACTCA	ACTCAG	0	6
GACTCC	ACTCCG	0	6
GACTCG	ACTCGG	0	6
GACTCT	ACTCTG	0	6
GACTGA	ACTGAG	0	6
GACTGC	ACTGCG	0	6
GACTGG	ACTGGG	0	6
GACTGT	ACAGTC	1	6
GACTTA	AAGTCT	1	6
GACTTC	AAGTCG	1	6
GACTTG	AAGTCC	1	6
GACTTT	AAAGTC	1	6
GAGAAA	AAAGAG	0	6
GAGAAC	AACGAG	0	6
GAGAAG	AAGGAG	0	6
GAGAAT	AATGAG	0	6
GAGACA	ACAGAG	0	6
GAGACC	ACCGAG	0	6
GAGACG	ACGGAG	0	6
GAGACT	ACTGAG	0	6
GAGAGC	AGAGCG	0	6
GAGAGG	AGAGGG	0	6
GAGAGT	ACTCTC	1	6
GAGATA	AGAGAT	0	6
GAGATC	AGATCG	0	6
GAGATG	AGATGG	0	6
GAGATT	AATCTC	1	6
GAGCAA	AAGAGC	0	6
GAGCAC	ACGAGC	0	6
GAGCAG	AGCAGG	0	6
GAGCAT	AGCATG	0	6
GAGCCA	AGAGCC	0	6
GAGCCC	AGCCCG	0	6
GAGCCG	AGCCGG	0	6
GAGCCT	AGCCTG	0	6
GAGCGA	AGAGCG	0	6
GAGCGC	AGCGCG	0	6
GAGCGG	AGCGGG	0	6
GAGCGT	ACGCTC	1	6
GAGCTA	AGAGCT	0	6
GAGCTC	AGCTCG	0	6
GAGCTG	AGCTCC	1	6
GAGCTT	AAGCTC	1	6
GAGGAA	AAGAGG	0	6
GAGGAC	ACGAGG	0	6
GAGGAT	AGGATG	0	6
GAGGCA	AGAGGC	0	6
GAGGCC	AGGCCG	0	6
GAGGCG	AGGCGG	0	6
GAGGCT	AGCCTC	1	6
GAGGGA	AGAGGG	0	6
GAGGGC	AGGGCG	0	6
GAGGGG	AGGGGG	0	6
GAGGGT	ACCCTC	1	6
GAGGTA	ACCTCT	1	6
GAGGTC	ACCTCG	1	6
GAGGTG	ACCTCC	1	6
GAGGTT	AACCTC	1	6
GAGTAA	AAGAGT	0	6
GAGTAC	ACGAGT	0	6
GAGTAG	ACTCCT	1	6
GAGTAT	ACTCAT	1	6
GAGTCA	ACTCTG	1	6
GAGTCC	ACTCGG	1	6
GAGTCG	ACTCCG	1	6
GAGTCT	ACTCAG	1	6
GAGTGA	ACTCTC	1	6
GAGTGC	ACTCGC	1	6
GAGTGG	ACTCCC	1	6
GAGTGT	ACACTC	1	6
GAGTTA	AACTCT	1	6
GAGTTC	AACTCG	1	6
GAGTTG	AACTCC	1	6
GAGTTT	AAACTC	1	6
GATAAA	AAAGAT	0	6
GATAAC	AACGAT	0	6
GATAAG	AAGGAT	0	6
GATAAT	AATGAT	0	6
GATACA	ACAGAT	0	6
GATACC	ACCGAT	0	6
GATACG	ACGGAT	0	6
GATACT	ACTGAT	0	6
GATAGA	AGAGAT	0	6
GATAGC	AGCGAT	0	6
GATAGG	AGGGAT	0	6
GATAGT	ACTATC	1	6
GATATA	AGATAT	0	6
GATATC	ATATCG	0	6
GATATG	ATATCC	1	6
GATATT	AATATC	1	6
GATCAA	AAGATC	0	6
GATCAC	ACGATC	0	6
GATCAG	AGGATC	0	6
GATCAT	ATCATG	0	6
GATCCA	AGATCC	0	6
GATCCC	ATCCCG	0	6
GATCCG	ATCCGG	0	6
GATCCT	AGGATC	1	6
GATCGA	AGATCG	0	6
GATCGC	ATCGCG	0	6
GATCGG	ATCCCG	1	6
GATCGT	ACGATC	1	6
GATCTA	AGATCT	0	6
GATCTC	AGATCG	1	6
GATCTG	AGATCC	1	6
GATCTT	AAGATC	1	6
GATGAA	AAGATG	0	6
GATGAC	ACGATG	0	6
GATGAG	AGGATG	0	6
GATGCA	AGATGC	0	6
GATGCC	ATCGGC	1	6
GATGCG	ATCCGC	1	6
GATGCT	AGCATC	1	6
GATGGA	AGATGG	0	6
GATGGC	ATCGCC	1	6
GATGGG	ATCCCC	1	6
GATGGT	ACCATC	1	6
GATGTA	ACATCT	1	6
GATGTC	ACATCG	1	6
GATGTG	ACATCC	1	6
GATGTT	AACATC	1	6
GATTAA	AAGATT	0	6
GATTAC	AATCGT	1	6
GATTAG	AATCCT	1	6
GATTAT	AATCAT	1	6
GATTCA	AATCTG	1	6
GATTCC	AATCGG	1	6
GATTCG	AATCCG	1	6
GATTCT	AATCAG	1	6
GATTGA	AATCTC	1	6
GATTGC	AATCGC	1	6
GATTGG	AATCCC	1	6
GATTGT	AATCAC	1	6
GATTTA	AAATCT	1	6
GATTTC	AAATCG	1	6
GATTTG	AAATCC	1	6
GATTTT	AAAATC	1	6
GCAAAA	AAAAGC	0	6
GCAAAC	AAACGC	0	6
GCAAAG	AAAGGC	0	6
GCAAAT	AAATGC	0	6
GCAACA	AACAGC	0	6
GCAACC	AACCGC	0	6
GCAACG	AACGGC	0	6
GCAACT	AACTGC	0	6
GCAAGA	AAGAGC	0	6
GCAAGC	AAGCGC	0	6
GCAAGG	AAGGGC	0	6
GCAAGT	AAGTGC	0	6
GCAATA	AATAGC	0	6
GCAATC	AATCGC	0	6
GCAATG	AATGGC	0	6
GCAATT	AATTGC	0	6
GCACAA	AAGCAC	0	6
GCACAC	ACACGC	0	6
GCACAG	ACAGGC	0	6
GCACAT	ACATGC	0	6
GCACCA	ACCAGC	0	6
GCACCC	ACCCGC	0	6
GCACCG	ACCGGC	0	6
GCACCT	ACCTGC	0	6
GCACGA	ACGAGC	0	6
GCACGC	ACGCGC	0	6
GCACGG	ACGGGC	0	6
GCACGT	ACGTGC	0	6
GCACTA	ACTAGC	0	6
GCACTC	ACTCGC	0	6
GCACTG	ACTGGC	0	6
GCACTT	AAGTGC	1	6
GCAGAA	AAGCAG	0	6
GCAGAC	ACGCAG	0	6
GCAGAG	AGAGGC	0	6
GCAGAT	AGATGC	0	6
GCAGCC	AGCCGC	0	6
GCAGCG	AGCGGC	0	6
GCAGCT	AGCTGC	0	6
GCAGGA	AGCAGG	0	6
GCAGGC	AGGCGC	0	6
GCAGGG	AGGGGC	0	6
GCAGGT	ACCTGC	1	6
GCAGTA	ACTGCT	1	6
GCAGTC	ACTGCG	1	6
GCAGTG	ACTGCC	1	6
GCAGTT	AACTGC	1	6
GCATAA	AAGCAT	0	6
GCATAC	ACGCAT	0	6
GCATAG	AGGCAT	0	6
GCATAT	ATATGC	0	6
GCATCA	AGCATC	0	6
GCATCC	ATCCGC	0	6
GCATCG	ATCGGC	0	6
GCATCT	AGATGC	1	6
GCATGA	AGCATG	0	6
GCATGC	ATGCGC	0	6
GCATGG	ATGCCC	1	6
GCATGT	ACATGC	1	6
GCATTA	AATGCT	1	6
GCATTC	AATGCG	1	6
GCATTG	AATGCC	1	6
GCATTT	AAATGC	1	6
GCCAAA	AAAGCC	0	6
GCCAAC	AACGCC	0	6
GCCAAG	AAGGCC	0	6
GCCAAT	AATGCC	0	6
GCCACA	ACAGCC	0	6
GCCACC	ACCGCC	0	6
GCCACG	ACGGCC	0	6
GCCACT	ACTGCC	0	6
GCCAGA	AGAGCC	0	6
GCCAGC	AGCGCC	0	6
GCCAGG	AGGGCC	0	6
GCCAGT	ACTGGC	1	6
GCCATA	AGCCAT	0	6
GCCATC	ATCGCC	0	6
GCCATG	ATGGCC	0	6
GCCATT	AATGGC	1	6
GCCCAA	AAGCCC	0	6
GCCCAC	ACGCCC	0	6
GCCCAG	AGGCCC	0	6
GCCCAT	ATGCCC	0	6
GCCCCA	AGCCCC	0	6
GCCCCC	CCCCCG	0	6
GCCCCG	CCCCGG	0	6
GCCCCT	AGGGGC	1	6
GCCCGA	AGCCCG	0	6
GCCCGC	CCCGCG	0	6
GCCCGG	CCCGGG	0	6
GCCCGT	ACGGGC	1	6
GCCCTA	AGCCCT	0	6
GCCCTC	AGGGCG	1	6
GCCCTG	AGGGCC	1	6
GCCCTT	AAGGGC	1	6
GCCGAA	AAGCCG	0	6
GCCGAC	ACGCCG	0	6
GCCGAG	AGGCCG	0	6
GCCGAT	ATCGGC	1	6
GCCGCA	AGCCGC	0	6
GCCGCG	CCGCGG	0	6
GCCGCT	AGCGGC	1	6
GCCGGA	AGCCGG	0	6
GCCGGC	CCGGCG	0	6
GCCGGG	CCCCGG	1	6
GCCGGT	ACCGGC	1	6
GCCGTA	ACGGCT	1	6
GCCGTC	ACGGCG	1	6
GCCGTG	ACGGCC	1	6
GCCGTT	AACGGC	1	6
GCCTAA	AAGCCT	0	6
GCCTAC	ACGCCT	0	6
GCCTAG	AGGCCT	0	6
GCCTAT	AGGCAT	1	6
GCCTCA	AGCCTC	0	6
GCCTCC	AGGCGG	1	6
GCCTCG	AGGCCG	1	6
GCCTCT	AGAGGC	1	6
GCCTGA	AGCCTG	0	6
GCCTGC	AGGCGC	1	6
GCCTGG	AGGCCC	1	6
GCCTGT	ACAGGC	1	6
GCCTTA	AAGGCT	1	6
GCCTTC	AAGGCG	1	6
GCCTTG	AAGGCC	1	6
GCCTTT	AAAGGC	1	6
GCGAAA	AAAGCG	0	6
GCGAAC	AACGCG	0	6
GCGAAG	AAGGCG	0	6
GCGAAT	AATGCG	0	6
GCGACA	ACAGCG	0	6
GCGACC	ACCGCG	0	6
GCGACG	ACGGCG	0	6
GCGACT	ACTGCG	0	6
GCGAGA	AGAGCG	0	6
GCGAGC	AGCGCG	0	6
GCGAGG	AGGGCG	0	6
GCGAGT	ACTCGC	1	6
GCGATA	AGCGAT	0	6
GCGATC	ATCGCG	0	6
GCGATG	ATCGCC	1	6
GCGATT	AATCGC	1	6
GCGCAA	AAGCGC	0	6
GCGCAC	ACGCGC	0	6
GCGCAG	AGGCGC	0	6
GCGCAT	ATGCGC	0	6
GCGCCA	AGCGCC	0	6
GCGCCC	CCCGCG	0	6
GCGCCG	CCGGCG	0	6
GCGCCT	AGGCGC	1	6
GCGCGA	AGCGCG	0	6
GCGCGG	CCCGCG	1	6
GCGCGT	ACGCGC	1	6
GCGCTA	AGCGCT	0	6
GCGCTC	AGCGCG	1	6
GCGCTG	AGCGCC	1	6
GCGCTT	AAGCGC	1	6
GCGGAA	AAGCGG	0	6
GCGGAC	ACGCGG	0	6
GCGGAG	AGGCGG	0	6
GCGGAT	ATCCGC	1	6
GCGGCA	AGCGGC	0	6
GCGGCC	CCGCGG	0	6
GCGGCT	AGCCGC	1	6
GCGGGA	AGCGGG	0	6
GCGGGC	CCCGCG	1	6
GCGGGG	CCCCCG	1	6
GCGGGT	ACCCGC	1	6
GCGGTA	ACCGCT	1	6
GCGGTC	ACCGCG	1	6
GCGGTG	ACCGCC	1	6
GCGGTT	AACCGC	1	6
GCGTAA	AAGCGT	0	6
GCGTAC	ACGCGT	0	6
GCGTAG	ACGCCT	1	6
GCGTAT	ACGCAT	1	6
GCGTCA	ACGCTG	1	6
GCGTCC	ACGCGG	1	6
GCGTCG	ACGCCG	1	6
GCGTCT	ACGCAG	1	6
GCGTGA	ACGCTC	1	6
GCGTGC	ACGCGC	1	6
GCGTGG	ACGCCC	1	6
GCGTGT	ACACGC	1	6
GCGTTA	AACGCT	1	6
GCGTTC	AACGCG	1	6
GCGTTG	AACGCC	1	6
GCGTTT	AAACGC	1	6
GCTAAA	AAAGCT	0	6
GCTAAC	AACGCT	0	6
GCTAAG	AAGGCT	0	6
GCTAAT	AATGCT	0	6
GCTACA	ACAGCT	0	6
GCTACC	ACCGCT	0	6
GCTACG	ACGGCT	0	6
GCTACT	ACTGCT	0	6
GCTAGA	AGAGCT	0	6
GCTAGC	AGCGCT	0	6
GCTAGG	AGCCCT	1	6
GCTAGT	ACTAGC	1	6
GCTATA	AGCTAT	0	6
GCTATC	AGCGAT	1	6
GCTATG	AGCCAT	1	6
GCTATT	AATAGC	1	6
GCTCAA	AAGCTC	0	6
GCTCAC	ACGCTC	0	6
GCTCAG	AGCCTG	1	6
GCTCAT	AGCATG	1	6
GCTCCA	AGCTCC	0	6
GCTCCC	AGCGGG	1	6
GCTCCG	AGCCGG	1	6
GCTCCT	AGCAGG	1	6
GCTCGA	AGCTCG	0	6
GCTCGC	AGCGCG	1	6
GCTCGG	AGCCCG	1	6
GCTCGT	ACGAGC	1	6
GCTCTA	AGAGCT	1	6
GCTCTC	AGAGCG	1	6
GCTCTG	AGAGCC	1	6
GCTCTT	AAGAGC	1	6
GCTGAA	AAGCTG	0	6
GCTGAC	ACGCTG	0	6
GCTGAG	AGCCTC	1	6
GCTGAT	AGCATC	1	6
GCTGCA	AGCTGC	0	6
GCTGCC	AGCGGC	1	6
GCTGCG	AGCCGC	1	6
GCTGGA	AGCTCC	1	6
GCTGGC	AGCGCC	1	6
GCTGGG	AGCCCC	1	6
GCTGGT	ACCAGC	1	6
GCTGTA	ACAGCT	1	6
GCTGTC	ACAGCG	1	6
GCTGTG	ACAGCC	1	6
GCTGTT	AACAGC	1	6
GCTTAA	AAGCTT	0	6
GCTTAC	AAGCGT	1	6
GCTTAG	AAGCCT	1	6
GCTTAT	AAGCAT	1	6
GCTTCA	AAGCTG	1	6
GCTTCC	AAGCGG	1	6
GCTTCG	AAGCCG	1	6
GCTTCT	AAGCAG	1	6
GCTTGA	AAGCTC	1	6
GCTTGC	AAGCGC	1	6
GCTTGG	AAGCCC	1	6
GCTTGT	AAGCAC	1	6
GCTTTA	AAAGCT	1	6
GCTTTC	AAAGCG	1	6
GCTTTG	AAAGCC	1	6
GCTTTT	AAAAGC	1	6
GGAAAA	AAAAGG	0	6
GGAAAC	AAACGG	0	6
GGAAAG	AAAGGG	0	6
GGAAAT	AAATGG	0	6
GGAACA	AACAGG	0	6
GGAACC	AACCGG	0	6
GGAACG	AACGGG	0	6
GGAACT	AACTGG	0	6
GGAAGA	AAGAGG	0	6
GGAAGC	AAGCGG	0	6
GGAAGG	AAGGGG	0	6
GGAAGT	AAGTGG	0	6
GGAATA	AATAGG	0	6
GGAATC	AATCGG	0	6
GGAATG	AATGGG	0	6
GGAATT	AATTCC	1	6
GGACAA	AAGGAC	0	6
GGACAC	ACACGG	0	6
GGACAG	ACAGGG	0	6
GGACAT	ACATGG	0	6
GGACCA	ACCAGG	0	6
GGACCC	ACCCGG	0	6
GGACCG	ACCGGG	0	6
GGACCT	ACCTGG	0	6
GGACGA	ACGAGG	0	6
GGACGC	ACGCGG	0	6
GGACGG	ACGGGG	0	6
GGACGT	ACGTCC	1	6
GGACTA	ACTAGG	0	6
GGACTC	ACTCGG	0	6
GGACTG	ACTGGG	0	6
GGACTT	AAGTCC	1	6
GGAGAA	AAGGAG	0	6
GGAGAC	ACGGAG	0	6
GGAGAG	AGAGGG	0	6
GGAGAT	AGATGG	0	6
GGAGCA	AGCAGG	0	6
GGAGCC	AGCCGG	0	6
GGAGCG	AGCGGG	0	6
GGAGCT	AGCTCC	1	6
GGAGGC	AGGCGG	0	6
GGAGGG	AGGGGG	0	6
GGAGGT	ACCTCC	1	6
GGAGTA	ACTCCT	1	6
GGAGTC	ACTCCG	1	6
GGAGTG	ACTCCC	1	6
GGAGTT	AACTCC	1	6
GGATAA	AAGGAT	0	6
GGATAC	ACGGAT	0	6
GGATAG	AGGGAT	0	6
GGATAT	ATATCC	1	6
GGATCA	AGGATC	0	6
GGATCC	ATCCGG	0	6
GGATCG	ATCCCG	1	6
GGATCT	AGATCC	1	6
GGATGA	AGGATG	0	6
GGATGC	ATCCGC	1	6
GGATGG	ATCCCC	1	6
GGATGT	ACATCC	1	6
GGATTA	AATCCT	1	6
GGATTC	AATCCG	1	6
GGATTG	AATCCC	1	6
GGATTT	AAATCC	1	6
GGCAAA	AAAGGC	0	6
GGCAAC	AACGGC	0	6
GGCAAG	AAGGGC	0	6
GGCAAT	AATGGC	0	6
GGCACA	ACAGGC	0	6
GGCACC	ACCGGC	0	6
GGCACG	ACGGGC	0	6
GGCACT	ACTGGC	0	6
GGCAGA	AGAGGC	0	6
GGCAGC	AGCGGC	0	6
GGCAGG	AGGGGC	0	6
GGCAGT	ACTGCC	1	6
GGCATA	AGGCAT	0	6
GGCATC	ATCGGC	0	6
GGCATG	ATGCCC	1	6
GGCATT	AATGCC	1	6
GGCCAA	AAGGCC	0	6
GGCCAC	ACGGCC	0	6
GGCCAG	AGGGCC	0	6
GGCCAT	ATGGCC	0	6
GGCCCA	AGGCCC	0	6
GGCCCC	CCCCGG	0	6
GGCCCG	CCCGGG	0	6
GGCCCT	AGGGCC	1	6
GGCCGA	AGGCCG	0	6
GGCCGC	CCGCGG	0	6
GGCCGG	CCCCGG	1	6
GGCCGT	ACGGCC	1	6
GGCCTA	AGGCCT	0	6
GGCCTC	AGGCCG	1	6
GGCCTG	AGGCCC	1	6
GGCCTT	AAGGCC	1	6
GGCGAA	AAGGCG	0	6
GGCGAC	ACGGCG	0	6
GGCGAG	AGGGCG	0	6
GGCGAT	ATCGCC	1	6
GGCGCA	AGGCGC	0	6
GGCGCC	CCGGCG	0	6
GGCGCG	CCCGCG	1	6
GGCGCT	AGCGCC	1	6
GGCGGA	AGGCGG	0	6
GGCGGG	CCCCCG	1	6
GGCGGT	ACCGCC	1	6
GGCGTA	ACGCCT	1	6
GGCGTC	ACGCCG	1	6
GGCGTG	ACGCCC	1	6
GGCGTT	AACGCC	1	6
GGCTAA	AAGGCT	0	6
GGCTAC	ACGGCT	0	6
GGCTAG	AGCCCT	1	6
GGCTAT	AGCCAT	1	6
GGCTCA	AGCCTG	1	6
GGCTCC	AGCCGG	1	6
GGCTCG	AGCCCG	1	6
GGCTCT	AGAGCC	1	6
GGCTGA	AGCCTC	1	6
GGCTGC	AGCCGC	1	6
GGCTGG	AGCCCC	1	6
GGCTGT	ACAGCC	1	6
GGCTTA	AAGCCT	1	6
GGCTTC	AAGCCG	1	6
GGCTTG	AAGCCC	1	6
GGCTTT	AAAGCC	1	6
GGGAAA	AAAGGG	0	6
GGGAAC	AACGGG	0	6
GGGAAG	AAGGGG	0	6
GGGAAT	AATGGG	0	6
GGGACA	ACAGGG	0	6
GGGACC	ACCGGG	0	6
GGGACG	ACGGGG	0	6
GGGACT	ACTGGG	0	6
GGGAGA	AGAGGG	0	6
GGGAGC	AGCGGG	0	6
GGGAGG	AGGGGG	0	6
GGGAGT	ACTCCC	1	6
GGGATA	AGGGAT	0	6
GGGATC	ATCCCG	1	6
GGGATG	ATCCCC	1	6
GGGATT	AATCCC	1	6
GGGCAA	AAGGGC	0	6
GGGCAC	ACGGGC	0	6
GGGCAG	AGGGGC	0	6
GGGCAT	ATGCCC	1	6
GGGCCA	AGGGCC	0	6
GGGCCC	CCCGGG	0	6
GGGCCG	CCCCGG	1	6
GGGCCT	AGGCCC	1	6
GGGCGA	AGGGCG	0	6
GGGCGC	CCCGCG	1	6
GGGCGG	CCCCCG	1	6
GGGCGT	ACGCCC	1	6
GGGCTA	AGCCCT	1	6
GGGCTC	AGCCCG	1	6
GGGCTG	AGCCCC	1	6
GGGCTT	AAGCCC	1	6
GGGGAA	AAGGGG	0	6
GGGGAC	ACGGGG	0	6
GGGGAG	AGGGGG	0	6
GGGGAT	ATCCCC	1	6
GGGGCA	AGGGGC	0	6
GGGGCC	CCCCGG	1	6
GGGGCG	CCCCCG	1	6
GGGGCT	AGCCCC	1	6
GGGGGA	AGGGGG	0	6
GGGGGC	CCCCCG	1	6
GGGGGT	ACCCCC	1	6
GGGGTA	ACCCCT	1	6
GGGGTC	ACCCCG	1	6
GGGGTG	ACCCCC	1	6
GGGGTT	AACCCC	1	6
GGGTAA	AAGGGT	0	6
GGGTAC	ACCCGT	1	6
GGGTAG	ACCCCT	1	6
GGGTAT	ACCCAT	1	6
GGGTCA	ACCCTG	1	6
GGGTCC	ACCCGG	1	6
GGGTCG	ACCCCG	1	6
GGGTCT	ACCCAG	1	6
GGGTGA	ACCCTC	1	6
GGGTGC	ACCCGC	1	6
GGGTGG	ACCCCC	1	6
GGGTGT	ACACCC	1	6
GGGTTA	AACCCT	1	6
GGGTTC	AACCCG	1	6
GGGTTG	AACCCC	1	6
GGGTTT	AAACCC	1	6
GGTAAA	AAAGGT	0	6
GGTAAC	AACGGT	0	6
GGTAAG	AAGGGT	0	6
GGTAAT	AATGGT	0	6
GGTACA	ACAGGT	0	6
GGTACC	ACCGGT	0	6
GGTACG	ACCCGT	1	6
GGTACT	ACCAGT	1	6
GGTAGA	ACCTCT	1	6
GGTAGC	ACCGCT	1	6
GGTAGG	ACCCCT	1	6
GGTAGT	ACCACT	1	6
GGTATA	ACCTAT	1	6
GGTATC	ACCGAT	1	6
GGTATG	ACCCAT	1	6
GGTATT	AATACC	1	6
GGTCAA	AAGGTC	0	6
GGTCAC	ACCGTG	1	6
GGTCAG	ACCCTG	1	6
GGTCAT	ACCATG	1	6
GGTCCA	ACCTGG	1	6
GGTCCC	ACCGGG	1	6
GGTCCG	ACCCGG	1	6
GGTCCT	ACCAGG	1	6
GGTCGA	ACCTCG	1	6
GGTCGC	ACCGCG	1	6
GGTCGG	ACCCCG	1	6
GGTCGT	ACCACG	1	6
GGTCTA	ACCTAG	1	6
GGTCTC	ACCGAG	1	6
GGTCTG	ACCCAG	1	6
GGTCTT	AAGACC	1	6
GGTGAA	AAGGTG	0	6
GGTGAC	ACCGTC	1	6
GGTGAG	ACCCTC	1	6
GGTGAT	ACCATC	1	6
GGTGCA	ACCTGC	1	6
GGTGCC	ACCGGC	1	6
GGTGCG	ACCCGC	1	6
GGTGCT	ACCAGC	1	6
GGTGGA	ACCTCC	1	6
GGTGGC	ACCGCC	1	6
GGTGGG	ACCCCC	1	6
GGTGTA	ACACCT	1	6
GGTGTC	ACACCG	1	6
GGTGTG	ACACCC	1	6
GGTGTT	AACACC	1	6
GGTTAA	AACCTT	1	6
GGTTAC	AACCGT	1	6
GGTTAG	AACCCT	1	6
GGTTAT	AACCAT	1	6
GGTTCA	AACCTG	1	6
GGTTCC	AACCGG	1	6
GGTTCG	AACCCG	1	6
GGTTCT	AACCAG	1	6
GGTTGA	AACCTC	1	6
GGTTGC	AACCGC	1	6
GGTTGG	AACCCC	1	6
GGTTGT	AACCAC	1	6
GGTTTA	AAACCT	1	6
GGTTTC	AAACCG	1	6
GGTTTG	AAACCC	1	6
GGTTTT	AAAACC	1	6
GTAAAA	AAAAGT	0	6
GTAAAC	AAACGT	0	6
GTAAAG	AAAGGT	0	6
GTAAAT	AAATGT	0	6
GTAACA	AACAGT	0	6
GTAACC	AACCGT	0	6
GTAACG	AACGGT	0	6
GTAACT	AACTGT	0	6
GTAAGA	AAGAGT	0	6
GTAAGC	AAGCGT	0	6
GTAAGG	AAGGGT	0	6
GTAAGT	AAGTGT	0	6
GTAATA	AATAGT	0	6
GTAATC	AATCGT	0	6
GTAATG	AATGGT	0	6
GTAATT	AATTAC	1	6
GTACAA	AAGTAC	0	6
GTACAC	ACACGT	0	6
GTACAG	ACAGGT	0	6
GTACAT	ACATGT	0	6
GTACCA	ACCAGT	0	6
GTACCC	ACCCGT	0	6
GTACCG	ACCGGT	0	6
GTACCT	ACAGGT	1	6
GTACGA	ACGAGT	0	6
GTACGC	ACGCGT	0	6
GTACGG	ACCCGT	1	6
GTACGT	ACACGT	1	6
GTACTA	ACTAGT	0	6
GTACTC	ACGAGT	1	6
GTACTG	ACCAGT	1	6
GTACTT	AAGTAC	1	6
GTAGAA	AAGTAG	0	6
GTAGAC	ACGTAG	0	6
GTAGAG	ACCTCT	1	6
GTAGAT	ACATCT	1	6
GTAGCA	ACTGCT	1	6
GTAGCC	ACGGCT	1	6
GTAGCG	ACCGCT	1	6
GTAGCT	ACAGCT	1	6
GTAGGA	ACTCCT	1	6
GTAGGC	ACGCCT	1	6
GTAGGG	ACCCCT	1	6
GTAGGT	ACACCT	1	6
GTAGTC	ACGACT	1	6
GTAGTG	ACCACT	1	6
GTAGTT	AACTAC	1	6
GTATAA	AAGTAT	0	6
GTATAC	ACGTAT	0	6
GTATAG	ACCTAT	1	6
GTATAT	ACATAT	1	6
GTATCA	ACTGAT	1	6
GTATCC	ACGGAT	1	6
GTATCG	ACCGAT	1	6
GTATCT	ACAGAT	1	6
GTATGA	ACTCAT	1	6
GTATGC	ACGCAT	1	6
GTATGG	ACCCAT	1	6
GTATGT	ACACAT	1	6
GTATTA	AATACT	1	6
GTATTC	AATACG	1	6
GTATTG	AATACC	1	6
GTATTT	AAATAC	1	6
GTCAAA	AAAGTC	0	6
GTCAAC	AACGTC	0	6
GTCAAG	AAGGTC	0	6
GTCAAT	AATGTC	0	6
GTCACA	ACAGTC	0	6
GTCACC	ACCGTC	0	6
GTCACG	ACCGTG	1	6
GTCACT	ACAGTG	1	6
GTCAGA	ACTCTG	1	6
GTCAGC	ACGCTG	1	6
GTCAGG	ACCCTG	1	6
GTCAGT	ACACTG	1	6
GTCATA	ACTATG	1	6
GTCATC	ACGATG	1	6
GTCATG	ACCATG	1	6
GTCATT	AATGAC	1	6
GTCCAA	AAGTCC	0	6
GTCCAC	ACGTCC	0	6
GTCCAG	ACCTGG	1	6
GTCCAT	ACATGG	1	6
GTCCCA	ACTGGG	1	6
GTCCCC	ACGGGG	1	6
GTCCCG	ACCGGG	1	6
GTCCCT	ACAGGG	1	6
GTCCGA	ACTCGG	1	6
GTCCGC	ACGCGG	1	6
GTCCGG	ACCCGG	1	6
GTCCGT	ACACGG	1	6
GTCCTA	ACTAGG	1	6
GTCCTC	ACGAGG	1	6
GTCCTG	ACCAGG	1	6
GTCCTT	AAGGAC	1	6
GTCGAA	AAGTCG	0	6
GTCGAC	ACGTCG	0	6
GTCGAG	ACCTCG	1	6
GTCGAT	ACATCG	1	6
GTCGCA	ACTGCG	1	6
GTCGCC	ACGGCG	1	6
GTCGCG	ACCGCG	1	6
GTCGCT	ACAGCG	1	6
GTCGGA	ACTCCG	1	6
GTCGGC	ACGCCG	1	6
GTCGGG	ACCCCG	1	6
GTCGGT	ACACCG	1	6
GTCGTA	ACGACT	1	6
GTCGTG	ACCACG	1	6
GTCGTT	AACGAC	1	6
GTCTAA	AAGTCT	0	6
GTCTAC	ACGTAG	1	6
GTCTAG	ACCTAG	1	6
GTCTAT	ACATAG	1	6
GTCTCA	ACTGAG	1	6
GTCTCC	ACGGAG	1	6
GTCTCG	ACCGAG	1	6
GTCTCT	ACAGAG	1	6
GTCTGA	ACTCAG	1	6
GTCTGC	ACGCAG	1	6
GTCTGG	ACCCAG	1	6
GTCTGT	ACACAG	1	6
GTCTTA	AAGACT	1	6
GTCTTC	AAGACG	1	6
GTCTTG	AAGACC	1	6
GTCTTT	AAAGAC	1	6
GTGAAA	AAAGTG	0	6
GTGAAC	AACGTG	0	6
GTGAAG	AAGGTG	0	6
GTGAAT	AATGTG	0	6
GTGACA	ACAGTG	0	6
GTGACC	ACCGTG	0	6
GTGACG	ACCGTC	1	6
GTGACT	ACAGTC	1	6
GTGAGA	ACTCTC	1	6
GTGAGC	ACGCTC	1	6
GTGAGG	ACCCTC	1	6
GTGAGT	ACACTC	1	6
GTGATA	ACTATC	1	6
GTGATC	ACGATC	1	6
GTGATG	ACCATC	1	6
GTGATT	AATCAC	1	6
GTGCAA	AAGTGC	0	6
GTGCAC	ACGTGC	0	6
GTGCAG	ACCTGC	1	6
GTGCAT	ACATGC	1	6
GTGCCA	ACTGGC	1	6
GTGCCC	ACGGGC	1	6
GTGCCG	ACCGGC	1	6
GTGCCT	ACAGGC	1	6
GTGCGA	ACTCGC	1	6
GTGCGC	ACGCGC	1	6
GTGCGG	ACCCGC	1	6
GTGCGT	ACACGC	1	6
GTGCTA	ACTAGC	1	6
GTGCTC	ACGAGC	1	6
GTGCTG	ACCAGC	1	6
GTGCTT	AAGCAC	1	6
GTGGAA	AAGTGG	0	6
GTGGAC	ACGTCC	1	6
GTGGAG	ACCTCC	1	6
GTGGAT	ACATCC	1	6
GTGGCA	ACTGCC	1	6
GTGGCC	ACGGCC	1	6
GTGGCG	ACCGCC	1	6
GTGGCT	ACAGCC	1	6
GTGGGA	ACTCCC	1	6
GTGGGC	ACGCCC	1	6
GTGGGG	ACCCCC	1	6
GTGGGT	ACACCC	1	6
GTGGTA	ACCACT	1	6
GTGGTC	ACCACG	1	6
GTGGTT	AACCAC	1	6
GTGTAA	AAGTGT	0	6
GTGTAC	ACACGT	1	6
GTGTAG	ACACCT	1	6
GTGTAT	ACACAT	1	6
GTGTCA	ACACTG	1	6
GTGTCC	ACACGG	1	6
GTGTCG	ACACCG	1	6
GTGTCT	ACACAG	1	6
GTGTGA	ACACTC	1	6
GTGTGC	ACACGC	1	6
GTGTGG	ACACCC	1	6
GTGTTA	AACACT	1	6
GTGTTC	AACACG	1	6
GTGTTG	AACACC	1	6
GTGTTT	AAACAC	1	6
GTTAAA	AAAGTT	0	6
GTTAAC	AACGTT	0	6
GTTAAG	AACCTT	1	6
GTTAAT	AACATT	1	6
GTTACA	AACTGT	1	6
GTTACC	AACGGT	1	6
GTTACG	AACCGT	1	6
GTTACT	AACAGT	1	6
GTTAGA	AACTCT	1	6
GTTAGC	AACGCT	1	6
GTTAGG	AACCCT	1	6
GTTAGT	AACACT	1	6
GTTATA	AACTAT	1	6
GTTATC	AACGAT	1	6
GTTATG	AACCAT	1	6
GTTATT	AACAAT	1	6
GTTCAA	AACTTG	1	6
GTTCAC	AACGTG	1	6
GTTCAG	AACCTG	1	6
GTTCAT	AACATG	1	6
GTTCCA	AACTGG	1	6
GTTCCC	AACGGG	1	6
GTTCCG	AACCGG	1	6
GTTCCT	AACAGG	1	6
GTTCGA	AACTCG	1	6
GTTCGC	AACGCG	1	6
GTTCGG	AACCCG	1	6
GTTCGT	AACACG	1	6
GTTCTA	AACTAG	1	6
GTTCTC	AACGAG	1	6
GTTCTG	AACCAG	1	6
GTTCTT	AACAAG	1	6
GTTGAA	AACTTC	1	6
GTTGAC	AACGTC	1	6
GTTGAG	AACCTC	1	6
GTTGAT	AACATC	1	6
GTTGCA	AACTGC	1	6
GTTGCC	AACGGC	1	6
GTTGCG	AACCGC	1	6
GTTGCT	AACAGC	1	6
GTTGGA	AACTCC	1	6
GTTGGC	AACGCC	1	6
GTTGGG	AACCCC	1	6
GTTGGT	AACACC	1	6
GTTGTA	AACTAC	1	6
GTTGTC	AACGAC	1	6
GTTGTG	AACCAC	1	6
GTTTAA	AAACTT	1	6
GTTTAC	AAACGT	1	6
GTTTAG	AAACCT	1	6
GTTTAT	AAACAT	1	6
GTTTCA	AAACTG	1	6
GTTTCC	AAACGG	1	6
GTTTCG	AAACCG	1	6
GTTTCT	AAACAG	1	6
GTTTGA	AAACTC	1	6
GTTTGC	AAACGC	1	6
GTTTGG	AAACCC	1	6
GTTTGT	AAACAC	1	6
GTTTTA	AAAACT	1	6
GTTTTC	AAAACG	1	6
GTTTTG	AAAACC	1	6
GTTTTT	AAAAAC	1	6
TAAAAA	AAAAAT	0	6
TAAAAC	AAAACT	0	6
TAAAAG	AAAAGT	0	6
TAAAAT	AAAATT	0	6
TAAACA	AAACAT	0	6
TAAACC	AAACCT	0	6
TAAACG	AAACGT	0	6
TAAACT	AAACTT	0	6
TAAAGA	AAAGAT	0	6
TAAAGC	AAAGCT	0	6
TAAAGG	AAAGGT	0	6
TAAAGT	AAAGTT	0	6
TAAATA	AAATAT	0	6
TAAATC	AAATCT	0	6
TAAATG	AAATGT	0	6
TAAATT	AAATTT	0	6
TAACAA	AACAAT	0	6
TAACAC	AACACT	0	6
TAACAG	AACAGT	0	6
TAACAT	AACATT	0	6
TAACCA	AACCAT	0	6
TAACCC	AACCCT	0	6
TAACCG	AACCGT	0	6
TAACCT	AACCTT	0	6
TAACGA	AACGAT	0	6
TAACGC	AACGCT	0	6
TAACGG	AACGGT	0	6
TAACGT	AACGTT	0	6
TAACTA	AACTAT	0	6
TAACTC	AACTCT	0	6
TAACTG	AACTGT	0	6
TAACTT	AAAGTT	1	6
TAAGAA	AAGAAT	0	6
TAAGAC	AAGACT	0	6
TAAGAG	AAGAGT	0	6
TAAGAT	AAGATT	0	6
TAAGCA	AAGCAT	0	6
TAAGCC	AAGCCT	0	6
TAAGCG	AAGCGT	0	6
TAAGCT	AAGCTT	0	6
TAAGGA	AAGGAT	0	6
TAAGGC	AAGGCT	0	6
TAAGGG	AAGGGT	0	6
TAAGGT	AACCTT	1	6
TAAGTA	AAGTAT	0	6
TAAGTC	AAGTCT	0	6
TAAGTG	AAGTGT	0	6
TAAGTT	AAACTT	1	6
TAATAC	AATACT	0	6
TAATAG	AATAGT	0	6
TAATAT	AATATT	0	6
TAATCA	AATCAT	0	6
TAATCC	AATCCT	0	6
TAATCG	AATCGT	0	6
TAATCT	AAGATT	1	6
TAATGA	AATGAT	0	6
TAATGC	AATGCT	0	6
TAATGG	AATGGT	0	6
TAATGT	AACATT	1	6
TAATTA	AATTAT	0	6
TAATTC	AATTAG	1	6
TAATTG	AATTAC	1	6
TAATTT	AAAATT	1	6
TACAAA	AAATAC	0	6
TACAAC	AACTAC	0	6
TACAAG	AAGTAC	0	6
TACAAT	AATTAC	0	6
TACACA	ACACAT	0	6
TACACC	ACACCT	0	6
TACACG	ACACGT	0	6
TACACT	AAGTGT	1	6
TACAGA	ACAGAT	0	6
TACAGC	ACAGCT	0	6
TACAGG	ACAGGT	0	6
TACAGT	AACTGT	1	6
TACATA	ACATAT	0	6
TACATC	ACATCT	0	6
TACATG	ACATGT	0	6
TACATT	AAATGT	1	6
TACCAA	AATACC	0	6
TACCAC	ACCACT	0	6
TACCAG	ACCAGT	0	6
TACCAT	AATGGT	1	6
TACCCA	ACCCAT	0	6
TACCCC	ACCCCT	0	6
TACCCG	ACCCGT	0	6
TACCCT	AAGGGT	1	6
TACCGA	ACCGAT	0	6
TACCGC	ACCGCT	0	6
TACCGG	ACCGGT	0	6
TACCGT	AACGGT	1	6
TACCTA	ACCTAT	0	6
TACCTC	ACCTCT	0	6
TACCTG	ACAGGT	1	6
TACCTT	AAAGGT	1	6
TACGAA	AATACG	0	6
TACGAC	ACGACT	0	6
TACGAG	ACGAGT	0	6
TACGAT	AATCGT	1	6
TACGCA	ACGCAT	0	6
TACGCC	ACGCCT	0	6
TACGCG	ACGCGT	0	6
TACGCT	AAGCGT	1	6
TACGGA	ACGGAT	0	6
TACGGC	ACGGCT	0	6
TACGGG	ACCCGT	1	6
TACGGT	AACCGT	1	6
TACGTA	ACGTAT	0	6
TACGTC	ACGTAG	1	6
TACGTG	ACACGT	1	6
TACGTT	AAACGT	1	6
TACTAA	AATACT	0	6
TACTAG	ACTAGT	0	6
TACTAT	AATAGT	1	6
TACTCA	ACTCAT	0	6
TACTCC	ACTCCT	0	6
TACTCG	ACGAGT	1	6
TACTCT	AAGAGT	1	6
TACTGA	ACTGAT	0	6
TACTGC	ACTGCT	0	6
TACTGG	ACCAGT	1	6
TACTGT	AACAGT	1	6
TACTTA	AAGTAT	1	6
TACTTC	AAGTAG	1	6
TACTTG	AAGTAC	1	6
TACTTT	AAAAGT	1	6
TAGAAA	AAATAG	0	6
TAGAAC	AACTAG	0	6
TAGAAG	AAGTAG	0	6
TAGAAT	AATTAG	0	6
TAGACA	ACATAG	0	6
TAGACC	ACCTAG	0	6
TAGACG	ACGTAG	0	6
TAGACT	AAGTCT	1	6
TAGAGA	AGAGAT	0	6
TAGAGC	AGAGCT	0	6
TAGAGG	ACCTCT	1	6
TAGAGT	AACTCT	1	6
TAGATA	AGATAT	0	6
TAGATC	AGATCT	0	6
TAGATG	ACATCT	1	6
TAGATT	AAATCT	1	6
TAGCAA	AATAGC	0	6
TAGCAC	ACTAGC	0	6
TAGCAG	ACTGCT	1	6
TAGCAT	AATGCT	1	6
TAGCCA	AGCCAT	0	6
TAGCCC	AGCCCT	0	6
TAGCCG	ACGGCT	1	6
TAGCCT	AAGGCT	1	6
TAGCGA	AGCGAT	0	6
TAGCGC	AGCGCT	0	6
TAGCGG	ACCGCT	1	6
TAGCGT	AACGCT	1	6
TAGCTA	AGCTAT	0	6
TAGCTC	AGAGCT	1	6
TAGCTG	ACAGCT	1	6
TAGCTT	AAAGCT	1	6
TAGGAA	AATAGG	0	6
TAGGAC	ACTAGG	0	6
TAGGAG	ACTCCT	1	6
TAGGAT	AATCCT	1	6
TAGGCA	AGGCAT	0	6
TAGGCC	AGGCCT	0	6
TAGGCG	ACGCCT	1	6
TAGGCT	AAGCCT	1	6
TAGGGA	AGGGAT	0	6
TAGGGC	AGCCCT	1	6
TAGGGG	ACCCCT	1	6
TAGGGT	AACCCT	1	6
TAGGTA	ACCTAT	1	6
TAGGTC	ACCTAG	1	6
TAGGTG	ACACCT	1	6
TAGGTT	AAACCT	1	6
TAGTAA	AATAGT	0	6
TAGTAC	ACTAGT	0	6
TAGTAT	AATACT	1	6
TAGTCA	ACTATG	1	6
TAGTCC	ACTAGG	1	6
TAGTCG	ACGACT	1	6
TAGTCT	AAGACT	1	6
TAGTGA	ACTATC	1	6
TAGTGC	ACTAGC	1	6
TAGTGG	ACCACT	1	6
TAGTGT	AACACT	1	6
TAGTTA	AACTAT	1	6
TAGTTC	AACTAG	1	6
TAGTTG	AACTAC	1	6
TAGTTT	AAAACT	1	6
TATAAA	AAATAT	0	6
TATAAC	AACTAT	0	6
TATAAG	AAGTAT	0	6
TATAAT	AATTAT	0	6
TATACA	ACATAT	0	6
TATACC	ACCTAT	0	6
TATACG	ACGTAT	0	6
TATACT	AAGTAT	1	6
TATAGA	AGATAT	0	6
TATAGC	AGCTAT	0	6
TATAGG	ACCTAT	1	6
TATAGT	AACTAT	1	6
TATATC	AGATAT	1	6
TATATG	ACATAT	1	6
TATATT	AAATAT	1	6
TATCAA	AATATC	0	6
TATCAC	ACTATC	0	6
TATCAG	ACTGAT	1	6
TATCAT	AATGAT	1	6
TATCCA	ATATCC	0	6
TATCCC	AGGGAT	1	6
TATCCG	ACGGAT	1	6
TATCCT	AAGGAT	1	6
TATCGA	ATATCG	0	6
TATCGC	AGCGAT	1	6
TATCGG	ACCGAT	1	6
TATCGT	AACGAT	1	6
TATCTA	AGATAT	1	6
TATCTC	AGAGAT	1	6
TATCTG	ACAGAT	1	6
TATCTT	AAAGAT	1	6
TATGAA	AATATG	0	6
TATGAC	ACTATG	0	6
TATGAG	ACTCAT	1	6
TATGAT	AATCAT	1	6
TATGCA	ATATGC	0	6
TATGCC	AGGCAT	1	6
TATGCG	ACGCAT	1	6
TATGCT	AAGCAT	1	6
TATGGA	ATATCC	1	6
TATGGC	AGCCAT	1	6
TATGGG	ACCCAT	1	6
TATGGT	AACCAT	1	6
TATGTA	ACATAT	1	6
TATGTC	ACATAG	1	6
TATGTG	ACACAT	1	6
TATGTT	AAACAT	1	6
TATTAA	AATATT	0	6
TATTAC	AATAGT	1	6
TATTAG	AATACT	1	6
TATTCA	AATATG	1	6
TATTCC	AATAGG	1	6
TATTCG	AATACG	1	6
TATTCT	AAGAAT	1	6
TATTGA	AATATC	1	6
TATTGC	AATAGC	1	6
TATTGG	AATACC	1	6
TATTGT	AACAAT	1	6
TATTTA	AAATAT	1	6
TATTTC	AAATAG	1	6
TATTTG	AAATAC	1	6
TATTTT	AAAAAT	1	6
TCAAAA	AAAATC	0	6
TCAAAC	AAACTC	0	6
TCAAAG	AAAGTC	0	6
TCAAAT	AAATTC	0	6
TCAACA	AACATC	0	6
TCAACC	AACCTC	0	6
TCAACG	AACGTC	0	6
TCAACT	AACTTC	0	6
TCAAGA	AAGATC	0	6
TCAAGC	AAGCTC	0	6
TCAAGG	AAGGTC	0	6
TCAAGT	AACTTG	1	6
TCAATA	AATATC	0	6
TCAATC	AATCTC	0	6
TCAATG	AATGTC	0	6
TCAATT	AAATTG	1	6
TCACAA	AATCAC	0	6
TCACAC	ACACTC	0	6
TCACAG	ACAGTC	0	6
TCACAT	AATGTG	1	6
TCACCA	ACCATC	0	6
TCACCC	ACCCTC	0	6
TCACCG	ACCGTC	0	6
TCACCT	AAGGTG	1	6
TCACGA	ACGATC	0	6
TCACGC	ACGCTC	0	6
TCACGG	ACCGTG	1	6
TCACGT	AACGTG	1	6
TCACTA	ACTATC	0	6
TCACTC	ACTCTC	0	6
TCACTG	ACAGTG	1	6
TCACTT	AAAGTG	1	6
TCAGAA	AATCAG	0	6
TCAGAC	ACTCAG	0	6
TCAGAG	ACTCTG	1	6
TCAGAT	AATCTG	1	6
TCAGCA	AGCATC	0	6
TCAGCC	AGCCTC	0	6
TCAGCG	ACGCTG	1	6
TCAGCT	AAGCTG	1	6
TCAGGA	AGGATC	0	6
TCAGGC	AGCCTG	1	6
TCAGGG	ACCCTG	1	6
TCAGGT	AACCTG	1	6
TCAGTA	ACTGAT	1	6
TCAGTC	ACTGAG	1	6
TCAGTG	ACACTG	1	6
TCAGTT	AAACTG	1	6
TCATAA	AATCAT	0	6
TCATAC	ACTCAT	0	6
TCATAG	ACTATG	1	6
TCATAT	AATATG	1	6
TCATCC	AGGATG	1	6
TCATCG	ACGATG	1	6
TCATCT	AAGATG	1	6
TCATGA	ATCATG	0	6
TCATGC	AGCATG	1	6
TCATGG	ACCATG	1	6
TCATGT	AACATG	1	6
TCATTA	AATGAT	1	6
TCATTC	AATGAG	1	6
TCATTG	AATGAC	1	6
TCATTT	AAAATG	1	6
TCCAAA	AAATCC	0	6
TCCAAC	AACTCC	0	6
TCCAAG	AAGTCC	0	6
TCCAAT	AATTCC	0	6
TCCACA	ACATCC	0	6
TCCACC	ACCTCC	0	6
TCCACG	ACGTCC	0	6
TCCACT	AAGTGG	1	6
TCCAGA	AGATCC	0	6
TCCAGC	AGCTCC	0	6
TCCAGG	ACCTGG	1	6
TCCAGT	AACTGG	1	6
TCCATA	ATATCC	0	6
TCCATC	AGATGG	1	6
TCCATG	ACATGG	1	6
TCCATT	AAATGG	1	6
TCCCAA	AATCCC	0	6
TCCCAC	ACTCCC	0	6
TCCCAG	ACTGGG	1	6
TCCCAT	AATGGG	1	6
TCCCCA	ATCCCC	0	6
TCCCCC	AGGGGG	1	6
TCCCCG	ACGGGG	1	6
TCCCCT	AAGGGG	1	6
TCCCGA	ATCCCG	0	6
TCCCGC	AGCGGG	1	6
TCCCGG	ACCGGG	1	6
TCCCGT	AACGGG	1	6
TCCCTA	AGGGAT	1	6
TCCCTC	AGAGGG	1	6
TCCCTG	ACAGGG	1	6
TCCCTT	AAAGGG	1	6
TCCGAA	AATCCG	0	6
TCCGAC	ACTCCG	0	6
TCCGAG	ACTCGG	1	6
TCCGAT	AATCGG	1	6
TCCGCA	ATCCGC	0	6
TCCGCC	AGGCGG	1	6
TCCGCG	ACGCGG	1	6
TCCGCT	AAGCGG	1	6
TCCGGA	ATCCGG	0	6
TCCGGC	AGCCGG	1	6
TCCGGG	ACCCGG	1	6
TCCGGT	AACCGG	1	6
TCCGTA	ACGGAT	1	6
TCCGTC	ACGGAG	1	6
TCCGTG	ACACGG	1	6
TCCGTT	AAACGG	1	6
TCCTAA	AATCCT	0	6
TCCTAC	ACTCCT	0	6
TCCTAG	ACTAGG	1	6
TCCTAT	AATAGG	1	6
TCCTCA	AGGATG	1	6
TCCTCG	ACGAGG	1	6
TCCTCT	AAGAGG	1	6
TCCTGA	AGGATC	1	6
TCCTGC	AGCAGG	1	6
TCCTGG	ACCAGG	1	6
TCCTGT	AACAGG	1	6
TCCTTA	AAGGAT	1	6
TCCTTC	AAGGAG	1	6
TCCTTG	AAGGAC	1	6
TCCTTT	AAAAGG	1	6
TCGAAA	AAATCG	0	6
TCGAAC	AACTCG	0	6
TCGAAG	AAGTCG	0	6
TCGAAT	AATTCG	0	6
TCGACA	ACATCG	0	6
TCGACC	ACCTCG	0	6
TCGACG	ACGTCG	0	6
TCGACT	AAGTCG	1	6
TCGAGA	AGATCG	0	6
TCGAGC	AGCTCG	0	6
TCGAGG	ACCTCG	1	6
TCGAGT	AACTCG	1	6
TCGATA	ATATCG	0	6
TCGATC	AGATCG	1	6
TCGATG	ACATCG	1	6
TCGATT	AAATCG	1	6
TCGCAA	AATCGC	0	6
TCGCAC	ACTCGC	0	6
TCGCAG	ACTGCG	1	6
TCGCAT	AATGCG	1	6
TCGCCA	ATCGCC	0	6
TCGCCC	AGGGCG	1	6
TCGCCG	ACGGCG	1	6
TCGCCT	AAGGCG	1	6
TCGCGA	ATCGCG	0	6
TCGCGC	AGCGCG	1	6
TCGCGG	ACCGCG	1	6
TCGCGT	AACGCG	1	6
TCGCTA	AGCGAT	1	6
TCGCTC	AGAGCG	1	6
TCGCTG	ACAGCG	1	6
TCGCTT	AAAGCG	1	6
TCGGAA	AATCGG	0	6
TCGGAC	ACTCGG	0	6
TCGGAG	ACTCCG	1	6
TCGGAT	AATCCG	1	6
TCGGCA	ATCGGC	0	6
TCGGCC	AGGCCG	1	6
TCGGCG	ACGCCG	1	6
TCGGCT	AAGCCG	1	6
TCGGGA	ATCCCG	1	6
TCGGGC	AGCCCG	1	6
TCGGGG	ACCCCG	1	6
TCGGGT	AACCCG	1	6
TCGGTA	ACCGAT	1	6
TCGGTC	ACCGAG	1	6
TCGGTG	ACACCG	1	6
TCGGTT	AAACCG	1	6
TCGTAA	AATCGT	0	6
TCGTAC	ACGAGT	1	6
TCGTAG	ACGACT	1	6
TCGTAT	AATACG	1	6
TCGTCA	ACGATG	1	6
TCGTCC	ACGAGG	1	6
TCGTCT	AAGACG	1	6
TCGTGA	ACGATC	1	6
TCGTGC	ACGAGC	1	6
TCGTGG	ACCACG	1	6
TCGTGT	AACACG	1	6
TCGTTA	AACGAT	1	6
TCGTTC	AACGAG	1	6
TCGTTG	AACGAC	1	6
TCGTTT	AAAACG	1	6
TCTAAA	AAATCT	0	6
TCTAAC	AACTCT	0	6
TCTAAG	AAGTCT	0	6
TCTAAT	AATTAG	1	6
TCTACA	ACATCT	0	6
TCTACC	ACCTCT	0	6
TCTACG	ACGTAG	1	6
TCTACT	AAGTAG	1	6
TCTAGA	AGATCT	0	6
TCTAGC	AGAGCT	1	6
TCTAGG	ACCTAG	1	6
TCTAGT	AACTAG	1	6
TCTATA	AGATAT	1	6
TCTATC	AGAGAT	1	6
TCTATG	ACATAG	1	6
TCTATT	AAATAG	1	6
TCTCAA	AATCTC	0	6
TCTCAC	ACTCTC	0	6
TCTCAG	ACTGAG	1	6
TCTCAT	AATGAG	1	6
TCTCCA	AGATGG	1	6
TCTCCC	AGAGGG	1	6
TCTCCG	ACGGAG	1	6
TCTCCT	AAGGAG	1	6
TCTCGA	AGATCG	1	6
TCTCGC	AGAGCG	1	6
TCTCGG	ACCGAG	1	6
TCTCGT	AACGAG	1	6
TCTCTA	AGAGAT	1	6
TCTCTG	ACAGAG	1	6
TCTCTT	AAAGAG	1	6
TCTGAA	AATCTG	0	6
TCTGAC	ACTCTG	0	6
TCTGAG	ACTCAG	1	6
TCTGAT	AATCAG	1	6
TCTGCA	AGATGC	1	6
TCTGCC	AGAGGC	1	6
TCTGCG	ACGCAG	1	6
TCTGCT	AAGCAG	1	6
TCTGGA	AGATCC	1	6
TCTGGC	AGAGCC	1	6
TCTGGG	ACCCAG	1	6
TCTGGT	AACCAG	1	6
TCTGTA	ACAGAT	1	6
TCTGTC	ACAGAG	1	6
TCTGTG	ACACAG	1	6
TCTGTT	AAACAG	1	6
TCTTAA	AAGATT	1	6
TCTTAC	AAGAGT	1	6
TCTTAG	AAGACT	1	6
TCTTAT	AAGAAT	1	6
TCTTCA	AAGATG	1	6
TCTTCC	AAGAGG	1	6
TCTTCG	AAGACG	1	6
TCTTGA	AAGATC	1	6
TCTTGC	AAGAGC	1	6
TCTTGG	AAGACC	1	6
TCTTGT	AACAAG	1	6
TCTTTA	AAAGAT	1	6
TCTTTC	AAAGAG	1	6
TCTTTG	AAAGAC	1	6
TCTTTT	AAAAAG	1	6
TGAAAA	AAAATG	0	6
TGAAAC	AAACTG	0	6
TGAAAG	AAAGTG	0	6
TGAAAT	AAATTG	0	6
TGAACA	AACATG	0	6
TGAACC	AACCTG	0	6
TGAACG	AACGTG	0	6
TGAACT	AACTTG	0	6
TGAAGA	AAGATG	0	6
TGAAGC	AAGCTG	0	6
TGAAGG	AAGGTG	0	6
TGAAGT	AACTTC	1	6
TGAATA	AATATG	0	6
TGAATC	AATCTG	0	6
TGAATG	AATGTG	0	6
TGAATT	AAATTC	1	6
TGACAA	AATGAC	0	6
TGACAC	ACACTG	0	6
TGACAG	ACAGTG	0	6
TGACAT	AATGTC	1	6
TGACCA	ACCATG	0	6
TGACCC	ACCCTG	0	6
TGACCG	ACCGTG	0	6
TGACCT	AAGGTC	1	6
TGACGA	ACGATG	0	6
TGACGC	ACGCTG	0	6
TGACGG	ACCGTC	1	6
TGACGT	AACGTC	1	6
TGACTA	ACTATG	0	6
TGACTC	ACTCTG	0	6
TGACTG	ACAGTC	1	6
TGACTT	AAAGTC	1	6
TGAGAA	AATGAG	0	6
TGAGAC	ACTGAG	0	6
TGAGAG	ACTCTC	1	6
TGAGAT	AATCTC	1	6
TGAGCA	AGCATG	0	6
TGAGCC	AGCCTG	0	6
TGAGCG	ACGCTC	1	6
TGAGCT	AAGCTC	1	6
TGAGGA	AGGATG	0	6
TGAGGC	AGCCTC	1	6
TGAGGG	ACCCTC	1	6
TGAGGT	AACCTC	1	6
TGAGTA	ACTCAT	1	6
TGAGTC	ACTCAG	1	6
TGAGTG	ACACTC	1	6
TGAGTT	AAACTC	1	6
TGATAA	AATGAT	0	6
TGATAC	ACTGAT	0	6
TGATAG	ACTATC	1	6
TGATAT	AATATC	1	6
TGATCA	ATCATG	0	6
TGATCC	AGGATC	1	6
TGATCG	ACGATC	1	6
TGATCT	AAGATC	1	6
TGATGC	AGCATC	1	6
TGATGG	ACCATC	1	6
TGATGT	AACATC	1	6
TGATTA	AATCAT	1	6
TGATTC	AATCAG	1	6
TGATTG	AATCAC	1	6
TGATTT	AAAATC	1	6
TGCAAA	AAATGC	0	6
TGCAAC	AACTGC	0	6
TGCAAG	AAGTGC	0	6
TGCAAT	AATTGC	0	6
TGCACA	ACATGC	0	6
TGCACC	ACCTGC	0	6
TGCACG	ACGTGC	0	6
TGCACT	AAGTGC	1	6
TGCAGA	AGATGC	0	6
TGCAGC	AGCTGC	0	6
TGCAGG	ACCTGC	1	6
TGCAGT	AACTGC	1	6
TGCATA	ATATGC	0	6
TGCATC	AGATGC	1	6
TGCATG	ACATGC	1	6
TGCATT	AAATGC	1	6
TGCCAA	AATGCC	0	6
TGCCAC	ACTGCC	0	6
TGCCAG	ACTGGC	1	6
TGCCAT	AATGGC	1	6
TGCCCA	ATGCCC	0	6
TGCCCC	AGGGGC	1	6
TGCCCG	ACGGGC	1	6
TGCCCT	AAGGGC	1	6
TGCCGA	ATCGGC	1	6
TGCCGC	AGCGGC	1	6
TGCCGG	ACCGGC	1	6
TGCCGT	AACGGC	1	6
TGCCTA	AGGCAT	1	6
TGCCTC	AGAGGC	1	6
TGCCTG	ACAGGC	1	6
TGCCTT	AAAGGC	1	6
TGCGAA	AATGCG	0	6
TGCGAC	ACTGCG	0	6
TGCGAG	ACTCGC	1	6
TGCGAT	AATCGC	1	6
TGCGCA	ATGCGC	0	6
TGCGCC	AGGCGC	1	6
TGCGCG	ACGCGC	1	6
TGCGCT	AAGCGC	1	6
TGCGGA	ATCCGC	1	6
TGCGGC	AGCCGC	1	6
TGCGGG	ACCCGC	1	6
TGCGGT	AACCGC	1	6
TGCGTA	ACGCAT	1	6
TGCGTC	ACGCAG	1	6
TGCGTG	ACACGC	1	6
TGCGTT	AAACGC	1	6
TGCTAA	AATGCT	0	6
TGCTAC	ACTGCT	0	6
TGCTAG	ACTAGC	1	6
TGCTAT	AATAGC	1	6
TGCTCA	AGCATG	1	6
TGCTCC	AGCAGG	1	6
TGCTCG	ACGAGC	1	6
TGCTCT	AAGAGC	1	6
TGCTGA	AGCATC	1	6
TGCTGG	ACCAGC	1	6
TGCTGT	AACAGC	1	6
TGCTTA	AAGCAT	1	6
TGCTTC	AAGCAG	1	6
TGCTTG	AAGCAC	1	6
TGCTTT	AAAAGC	1	6
TGGAAA	AAATGG	0	6
TGGAAC	AACTGG	0	6
TGGAAG	AAGTGG	0	6
TGGAAT	AATTCC	1	6
TGGACA	ACATGG	0	6
TGGACC	ACCTGG	0	6
TGGACG	ACGTCC	1	6
TGGACT	AAGTCC	1	6
TGGAGA	AGATGG	0	6
TGGAGC	AGCTCC	1	6
TGGAGG	ACCTCC	1	6
TGGAGT	AACTCC	1	6
TGGATA	ATATCC	1	6
TGGATC	AGATCC	1	6
TGGATG	ACATCC	1	6
TGGATT	AAATCC	1	6
TGGCAA	AATGGC	0	6
TGGCAC	ACTGGC	0	6
TGGCAG	ACTGCC	1	6
TGGCAT	AATGCC	1	6
TGGCCA	ATGGCC	0	6
TGGCCC	AGGGCC	1	6
TGGCCG	ACGGCC	1	6
TGGCCT	AAGGCC	1	6
TGGCGA	ATCGCC	1	6
TGGCGC	AGCGCC	1	6
TGGCGG	ACCGCC	1	6
TGGCGT	AACGCC	1	6
TGGCTA	AGCCAT	1	6
TGGCTC	AGAGCC	1	6
TGGCTG	ACAGCC	1	6
TGGCTT	AAAGCC	1	6
TGGGAA	AATGGG	0	6
TGGGAC	ACTGGG	0	6
TGGGAG	ACTCCC	1	6
TGGGAT	AATCCC	1	6
TGGGCA	ATGCCC	1	6
TGGGCC	AGGCCC	1	6
TGGGCG	ACGCCC	1	6
TGGGCT	AAGCCC	1	6
TGGGGA	ATCCCC	1	6
TGGGGC	AGCCCC	1	6
TGGGGG	ACCCCC	1	6
TGGGGT	AACCCC	1	6
TGGGTA	ACCCAT	1	6
TGGGTC	ACCCAG	1	6
TGGGTG	ACACCC	1	6
TGGGTT	AAACCC	1	6
TGGTAA	AATGGT	0	6
TGGTAC	ACCAGT	1	6
TGGTAG	ACCACT	1	6
TGGTAT	AATACC	1	6
TGGTCA	ACCATG	1	6
TGGTCC	ACCAGG	1	6
TGGTCG	ACCACG	1	6
TGGTCT	AAGACC	1	6
TGGTGA	ACCATC	1	6
TGGTGC	ACCAGC	1	6
TGGTGT	AACACC	1	6
TGGTTA	AACCAT	1	6
TGGTTC	AACCAG	1	6
TGGTTG	AACCAC	1	6
TGGTTT	AAAACC	1	6
TGTAAA	AAATGT	0	6
TGTAAC	AACTGT	0	6
TGTAAG	AAGTGT	0	6
TGTAAT	AATTAC	1	6
TGTACA	ACATGT	0	6
TGTACC	ACAGGT	1	6
TGTACG	ACACGT	1	6
TGTACT	AAGTAC	1	6
TGTAGA	ACATCT	1	6
TGTAGC	ACAGCT	1	6
TGTAGG	ACACCT	1	6
TGTAGT	AACTAC	1	6
TGTATA	ACATAT	1	6
TGTATC	ACAGAT	1	6
TGTATG	ACACAT	1	6
TGTATT	AAATAC	1	6
TGTCAA	AATGTC	0	6
TGTCAC	ACAGTG	1	6
TGTCAG	ACACTG	1	6
TGTCAT	AATGAC	1	6
TGTCCA	ACATGG	1	6
TGTCCC	ACAGGG	1	6
TGTCCG	ACACGG	1	6
TGTCCT	AAGGAC	1	6
TGTCGA	ACATCG	1	6
TGTCGC	ACAGCG	1	6
TGTCGG	ACACCG	1	6
TGTCGT	AACGAC	1	6
TGTCTA	ACATAG	1	6
TGTCTC	ACAGAG	1	6
TGTCTG	ACACAG	1	6
TGTCTT	AAAGAC	1	6
TGTGAA	AATGTG	0	6
TGTGAC	ACAGTC	1	6
TGTGAG	ACACTC	1	6
TGTGAT	AATCAC	1	6
TGTGCA	ACATGC	1	6
TGTGCC	ACAGGC	1	6
TGTGCG	ACACGC	1	6
TGTGCT	AAGCAC	1	6
TGTGGA	ACATCC	1	6
TGTGGC	ACAGCC	1	6
TGTGGG	ACACCC	1	6
TGTGGT	AACCAC	1	6
TGTGTA	ACACAT	1	6
TGTGTC	ACACAG	1	6
TGTGTT	AAACAC	1	6
TGTTAA	AACATT	1	6
TGTTAC	AACAGT	1	6
TGTTAG	AACACT	1	6
TGTTAT	AACAAT	1	6
TGTTCA	AACATG	1	6
TGTTCC	AACAGG	1	6
TGTTCG	AACACG	1	6
TGTTCT	AACAAG	1	6
TGTTGA	AACATC	1	6
TGTTGC	AACAGC	1	6
TGTTGG	AACACC	1	6
TGTTTA	AAACAT	1	6
TGTTTC	AAACAG	1	6
TGTTTG	AAACAC	1	6
TGTTTT	AAAAAC	1	6
TTAAAA	AAAATT	0	6
TTAAAC	AAACTT	0	6
TTAAAG	AAAGTT	0	6
TTAAAT	AAATTT	0	6
TTAACA	AACATT	0	6
TTAACC	AACCTT	0	6
TTAACG	AACGTT	0	6
TTAACT	AAAGTT	1	6
TTAAGA	AAGATT	0	6
TTAAGC	AAGCTT	0	6
TTAAGG	AACCTT	1	6
TTAAGT	AAACTT	1	6
TTAATA	AATATT	0	6
TTAATC	AAGATT	1	6
TTAATG	AACATT	1	6
TTAATT	AAAATT	1	6
TTACAA	AATTAC	0	6
TTACAC	AAGTGT	1	6
TTACAG	AACTGT	1	6
TTACAT	AAATGT	1	6
TTACCA	AATGGT	1	6
TTACCC	AAGGGT	1	6
TTACCG	AACGGT	1	6
TTACCT	AAAGGT	1	6
TTACGA	AATCGT	1	6
TTACGC	AAGCGT	1	6
TTACGG	AACCGT	1	6
TTACGT	AAACGT	1	6
TTACTA	AATAGT	1	6
TTACTC	AAGAGT	1	6
TTACTG	AACAGT	1	6
TTACTT	AAAAGT	1	6
TTAGAA	AATTAG	0	6
TTAGAC	AAGTCT	1	6
TTAGAG	AACTCT	1	6
TTAGAT	AAATCT	1	6
TTAGCA	AATGCT	1	6
TTAGCC	AAGGCT	1	6
TTAGCG	AACGCT	1	6
TTAGCT	AAAGCT	1	6
TTAGGA	AATCCT	1	6
TTAGGC	AAGCCT	1	6
TTAGGG	AACCCT	1	6
TTAGGT	AAACCT	1	6
TTAGTA	AATACT	1	6
TTAGTC	AAGACT	1	6
TTAGTG	AACACT	1	6
TTAGTT	AAAACT	1	6
TTATAA	AATTAT	0	6
TTATAC	AAGTAT	1	6
TTATAG	AACTAT	1	6
TTATAT	AAATAT	1	6
TTATCA	AATGAT	1	6
TTATCC	AAGGAT	1	6
TTATCG	AACGAT	1	6
TTATCT	AAAGAT	1	6
TTATGA	AATCAT	1	6
TTATGC	AAGCAT	1	6
TTATGG	AACCAT	1	6
TTATGT	AAACAT	1	6
TTATTC	AAGAAT	1	6
TTATTG	AACAAT	1	6
TTATTT	AAAAAT	1	6
TTCAAA	AAATTC	0	6
TTCAAC	AACTTC	0	6
TTCAAG	AACTTG	1	6
TTCAAT	AAATTG	1	6
TTCACA	AATGTG	1	6
TTCACC	AAGGTG	1	6
TTCACG	AACGTG	1	6
TTCACT	AAAGTG	1	6
TTCAGA	AATCTG	1	6
TTCAGC	AAGCTG	1	6
TTCAGG	AACCTG	1	6
TTCAGT	AAACTG	1	6
TTCATA	AATATG	1	6
TTCATC	AAGATG	1	6
TTCATG	AACATG	1	6
TTCATT	AAAATG	1	6
TTCCAA	AATTCC	0	6
TTCCAC	AAGTGG	1	6
TTCCAG	AACTGG	1	6
TTCCAT	AAATGG	1	6
TTCCCA	AATGGG	1	6
TTCCCC	AAGGGG	1	6
TTCCCG	AACGGG	1	6
TTCCCT	AAAGGG	1	6
TTCCGA	AATCGG	1	6
TTCCGC	AAGCGG	1	6
TTCCGG	AACCGG	1	6
TTCCGT	AAACGG	1	6
TTCCTA	AATAGG	1	6
TTCCTC	AAGAGG	1	6
TTCCTG	AACAGG	1	6
TTCCTT	AAAAGG	1	6
TTCGAA	AATTCG	0	6
TTCGAC	AAGTCG	1	6
TTCGAG	AACTCG	1	6
TTCGAT	AAATCG	1	6
TTCGCA	AATGCG	1	6
TTCGCC	AAGGCG	1	6
TTCGCG	AACGCG	1	6
TTCGCT	AAAGCG	1	6
TTCGGA	AATCCG	1	6
TTCGGC	AAGCCG	1	6
TTCGGG	AACCCG	1	6
TTCGGT	AAACCG	1	6
TTCGTA	AATACG	1	6
TTCGTC	AAGACG	1	6
TTCGTG	AACACG	1	6
TTCGTT	AAAACG	1	6
TTCTAA	AATTAG	1	6
TTCTAC	AAGTAG	1	6
TTCTAG	AACTAG	1	6
TTCTAT	AAATAG	1	6
TTCTCA	AATGAG	1	6
TTCTCC	AAGGAG	1	6
TTCTCG	AACGAG	1	6
TTCTCT	AAAGAG	1	6
TTCTGA	AATCAG	1	6
TTCTGC	AAGCAG	1	6
TTCTGG	AACCAG	1	6
TTCTGT	AAACAG	1	6
TTCTTA	AAGAAT	1	6
TTCTTG	AACAAG	1	6
TTCTTT	AAAAAG	1	6
TTGAAA	AAATTG	0	6
TTGAAC	AACTTG	0	6
TTGAAG	AACTTC	1	6
TTGAAT	AAATTC	1	6
TTGACA	AATGTC	1	6
TTGACC	AAGGTC	1	6
TTGACG	AACGTC	1	6
TTGACT	AAAGTC	1	6
TTGAGA	AATCTC	1	6
TTGAGC	AAGCTC	1	6
TTGAGG	AACCTC	1	6
TTGAGT	AAACTC	1	6
TTGATA	AATATC	1	6
TTGATC	AAGATC	1	6
TTGATG	AACATC	1	6
TTGATT	AAAATC	1	6
TTGCAA	AATTGC	0	6
TTGCAC	AAGTGC	1	6
TTGCAG	AACTGC	1	6
TTGCAT	AAATGC	1	6
TTGCCA	AATGGC	1	6
TTGCCC	AAGGGC	1	6
TTGCCG	AACGGC	1	6
TTGCCT	AAAGGC	1	6
TTGCGA	AATCGC	1	6
TTGCGC	AAGCGC	1	6
TTGCGG	AACCGC	1	6
TTGCGT	AAACGC	1	6
TTGCTA	AATAGC	1	6
TTGCTC	AAGAGC	1	6
TTGCTG	AACAGC	1	6
TTGCTT	AAAAGC	1	6
TTGGAA	AATTCC	1	6
TTGGAC	AAGTCC	1	6
TTGGAG	AACTCC	1	6
TTGGAT	AAATCC	1	6
TTGGCA	AATGCC	1	6
TTGGCC	AAGGCC	1	6
TTGGCG	AACGCC	1	6
TTGGCT	AAAGCC	1	6
TTGGGA	AATCCC	1	6
TTGGGC	AAGCCC	1	6
TTGGGG	AACCCC	1	6
TTGGGT	AAACCC	1	6
TTGGTA	AATACC	1	6
TTGGTC	AAGACC	1	6
TTGGTG	AACACC	1	6
TTGGTT	AAAACC	1	6
TTGTAA	AATTAC	1	6
TTGTAC	AAGTAC	1	6
TTGTAG	AACTAC	1	6
TTGTAT	AAATAC	1	6
TTGTCA	AATGAC	1	6
TTGTCC	AAGGAC	1	6
TTGTCG	AACGAC	1	6
TTGTCT	AAAGAC	1	6
TTGTGA	AATCAC	1	6
TTGTGC	AAGCAC	1	6
TTGTGG	AACCAC	1	6
TTGTGT	AAACAC	1	6
TTGTTA	AACAAT	1	6
TTGTTC	AACAAG	1	6
TTGTTT	AAAAAC	1	6
TTTAAA	AAATTT	0	6
TTTAAC	AAAGTT	1	6
TTTAAG	AAACTT	1	6
TTTAAT	AAAATT	1	6
TTTACA	AAATGT	1	6
TTTACC	AAAGGT	1	6
TTTACG	AAACGT	1	6
TTTACT	AAAAGT	1	6
TTTAGA	AAATCT	1	6
TTTAGC	AAAGCT	1	6
TTTAGG	AAACCT	1	6
TTTAGT	AAAACT	1	6
TTTATA	AAATAT	1	6
TTTATC	AAAGAT	1	6
TTTATG	AAACAT	1	6
TTTATT	AAAAAT	1	6
TTTCAA	AAATTG	1	6
TTTCAC	AAAGTG	1	6
TTTCAG	AAACTG	1	6
TTTCAT	AAAATG	1	6
TTTCCA	AAATGG	1	6
TTTCCC	AAAGGG	1	6
TTTCCG	AAACGG	1	6
TTTCCT	AAAAGG	1	6
TTTCGA	AAATCG	1	6
TTTCGC	AAAGCG	1	6
TTTCGG	AAACCG	1	6
TTTCGT	AAAACG	1	6
TTTCTA	AAATAG	1	6
TTTCTC	AAAGAG	1	6
TTTCTG	AAACAG	1	6
TTTCTT	AAAAAG	1	6
TTTGAA	AAATTC	1	6
TTTGAC	AAAGTC	1	6
TTTGAG	AAACTC	1	6
TTTGAT	AAAATC	1	6
TTTGCA	AAATGC	1	6
TTTGCC	AAAGGC	1	6
TTTGCG	AAACGC	1	6
TTTGCT	AAAAGC	1	6
TTTGGA	AAATCC	1	6
TTTGGC	AAAGCC	1	6
TTTGGG	AAACCC	1	6
TTTGGT	AAAACC	1	6
TTTGTA	AAATAC	1	6
TTTGTC	AAAGAC	1	6
TTTGTG	AAACAC	1	6
TTTGTT	AAAAAC	1	6
TTTTAA	AAAATT	1	6
TTTTAC	AAAAGT	1	6
TTTTAG	AAAACT	1	6
TTTTAT	AAAAAT	1	6
TTTTCA	AAAATG	1	6
TTTTCC	AAAAGG	1	6
TTTTCG	AAAACG	1	6
TTTTCT	AAAAAG	1	6
TTTTGA	AAAATC	1	6
TTTTGC	AAAAGC	1	6
TTTTGG	AAAACC	1	6
TTTTGT	AAAAAC	1	6
TTTTTA	AAAAAT	1	6
TTTTTC	AAAAAG	1	6
TTTTTG	AAAAAC	1	6
